MonoErrorPrefix2,MonoErrorPrefix1,MonoErrorRoot,MonoErrorSuffix1,MonoErrorSuffix2,MonoChangedIndexP2,MonoChangedIndexP1,MonoChangedIndexR,MonoChangedIndexS1,MonoChangedIndexS2
,estfooh,edtfoeh,,,,1,3,,
,odhli,edtli,,,,0,0,,
,ruiet,nuiat,,,,0,1,,
,ekasib,edasid,,,,1,3,,
,wisno,nidno,,,,0,0,,
,pemsciu,perdciu,,,,2,0,,
,arpmas,erpmap,,,,0,2,,
,nepietf,nipiepf,,,,1,3,,
,neyyco,niymco,,,,1,1,,
,neosn,nuusn,,,,1,0,,
,adtre,edtri,,,,0,2,,
,odehr,edehy,,,,0,2,,
,mutoml,nutaml,,,,0,1,,
,irpttuo,erphtuo,,,,0,0,,
,neuotd,niootd,,,,1,0,,
,ruglea,nutlea,,,,0,0,,
,ertmki,erpmhi,,,,2,1,,
,odwdii,edwdoi,,,,0,2,,
,odhem,eddem,,,,0,0,,
,mimbi,nimbe,,,,0,2,,
,epehm,edevm,,,,1,1,,
,pariets,perieth,,,,1,3,,
,pemsno,perswo,,,,2,1,,
,evvase,edvese,,,,1,1,,
,naoty,nuosy,,,,1,1,,
,neamh,niomh,,,,1,0,,
,ethotpi,edhatpi,,,,1,1,,
,odvoet,edvoeh,,,,0,3,,
,idfwe,edfre,,,,0,1,,
,idgoe,edgee,,,,0,1,,
,ettheo,edtceo,,,,1,1,,
,mitetse,nitetsi,,,,0,4,,
,ehtiow,edsiow,,,,1,0,,
,nerha,nirsa,,,,1,1,,
,ipretr,epritr,,,,0,0,,
,mufon,nufan,,,,0,1,,
,etsite,edsote,,,,1,1,,
,odifr,edihr,,,,0,1,,
,iduah,edueh,,,,0,1,,
,muadoh,nuadot,,,,0,3,,
,admes,edres,,,,0,0,,
,erfehot,erpehoh,,,,2,3,,
,essseot,edsseut,,,,1,3,,
,nopme,nipre,,,,1,1,,
,misiuc,nisauc,,,,0,1,,
,elpnfuy,erprfuy,,,,1,0,,
,edronmp,epronms,,,,1,3,,
,iprbatit,eprtatit,,,,0,0,,
,efotb,edovb,,,,1,1,,
,nathe,nitho,,,,1,2,,
,pemeasw,pereatw,,,,2,2,,
,idcyoy,edcyey,,,,0,2,,
,udeist,eduist,,,,0,0,,
,rehtne,reptno,,,,2,2,,
,lirev,nimev,,,,0,0,,
,rpofmo,rpefro,,,,2,1,,
,egiwot,ediwod,,,,1,3,,
,nosdia,nisdie,,,,1,3,,
,nehtu,nuhte,,,,1,2,,
,wueoms,nuooms,,,,0,0,,
,yeperlv,repemlv,,,,0,1,,
,ehthaeh,edthaet,,,,1,4,,
,litopi,nitopo,,,,0,3,,
,efihet,edahet,,,,1,0,,
,nighe,nugha,,,,1,2,,
,rapsias,repsios,,,,1,2,,
,evtpee,edppee,,,,1,0,,
,ehatm,edatr,,,,1,2,,
,adcyoy,edtyoy,,,,0,0,,
,wuaotn,nuaosn,,,,0,2,,
,peysal,pertal,,,,2,0,,
,wirwdo,nirldo,,,,0,1,,
,odfeuts,edfeutt,,,,0,4,,
,wepiads,repoads,,,,0,0,,
,udsri,edsre,,,,0,2,,
,noboef,nudoef,,,,1,0,,
,ypeisr,rpeiqr,,,,0,1,,
,idreh,edres,,,,0,2,,
,mepsmeo,repsleo,,,,0,1,,
,neteest,nutuest,,,,1,1,,
,muccao,nuccuo,,,,0,2,,
,rpuoic,rpeoid,,,,2,2,,
,muofm,nuotm,,,,0,1,,
,natuh,nitah,,,,1,1,,
,neood,nuoop,,,,1,2,,
,rurekm,nuretm,,,,0,2,,
,wuibm,nuism,,,,0,1,,
,etrhmle,eprhmwe,,,,1,2,,
,adver,edter,,,,0,0,,
,adity,edidy,,,,0,1,,
,eficus,edihus,,,,1,1,,
,iddaoh,eddaod,,,,0,3,,
,adaasf,edaash,,,,0,3,,
,nofais,nifaik,,,,1,3,,
,rehohr,repohn,,,,2,2,,
,orpeetts,erpietts,,,,0,0,,
,ehkla,edkle,,,,1,2,,
,adhli,edhri,,,,0,1,,
,necaoc,nihaoc,,,,1,0,,
,epwufyn,eprufym,,,,2,3,,
,noags,niigs,,,,1,0,,
,ecnesi,edmesi,,,,1,0,,
,idupro,edutro,,,,0,1,,
,muoroc,nuorop,,,,0,3,,
,neotb,nuocb,,,,1,1,,
,rteusett,rpeusext,,,,1,3,,
,odfmo,eddmo,,,,0,0,,
,idpae,edsae,,,,0,0,,
,urpoahw,erpoahn,,,,0,3,,
,ebegh,edagh,,,,1,0,,
,evcta,edcka,,,,1,1,,
,ademtm,edemty,,,,0,3,,
,egetm,edutm,,,,1,0,,
,etrehdte,eprehcte,,,,1,2,,
,pirahm,perihm,,,,1,0,,
,muite,nuito,,,,0,2,,
,idmolt,edmort,,,,0,2,,
,nelka,nulta,,,,1,1,,
,essal,edsel,,,,1,1,,
,idais,edaes,,,,0,1,,
,miupde,niupte,,,,0,2,,
,terufod,perusod,,,,0,1,,
,wutefbe,nutafbe,,,,0,1,,
,wuohoc,nuihoc,,,,0,0,,
,wuoag,nuiag,,,,0,0,,
,wighe,nithe,,,,0,0,,
,nooyot,niolot,,,,1,1,,
,nebot,nuboc,,,,1,2,,
,nehaatt,nuhaett,,,,1,2,,
,eseda,edada,,,,1,0,,
,uprrpa,eprnpa,,,,0,0,,
,neetstu,nietttu,,,,1,2,,
,irpism,erpipm,,,,0,1,,
,miiesk,niieck,,,,0,2,,
,noddoa,nuddaa,,,,1,2,,
,uprdedo,eprdede,,,,0,3,,
,nifasa,nufaha,,,,1,2,,
,lusuo,nusui,,,,0,2,,
,irpoycy,erpaycy,,,,0,0,,
,wuepey,nuepoy,,,,0,2,,
,rupeey,nugeey,,,,0,0,,
,museu,nusou,,,,0,1,,
,muttsee,nuttseo,,,,0,4,,
,,niefufl,niesuhl,,,,3,1,
,,traelba,treeyba,,,,2,1,
,,gsaebla,gpaebna,,,,1,2,
,,hmmebale,tmmesale,,,,0,0,
,,deheulf,beheult,,,,0,2,
,,wondre,wordye,,,,2,0,
,,piokre,peokwe,,,,1,0,
,,mseflu,wseflo,,,,0,2,
,,mhyere,mhleye,,,,2,0,
,,ctpiere,ftpiero,,,,0,1,
,,dekkore,dekkule,,,,4,0,
,,ayhlfu,iyhlfi,,,,0,2,
,,tewlfu,terrfu,,,,2,0,
,,otare,ohara,,,,1,1,
,,aprino,apwina,,,,2,2,
,,rfeino,nfeiwo,,,,0,1,
,,iodptbela,iohptbila,,,,2,1,
,,tmonio,fmonao,,,,0,1,
,,asmoluf,esmolut,,,,0,2,
,,praufl,proufm,,,,2,2,
,,paoebla,paeobla,,,,2,0,
,,plaoin,slaain,,,,0,0,
,,esloni,aslone,,,,0,2,
,,yasre,masme,,,,0,0,
,,sedetflu,setetvlu,,,,2,0,
,,asicnoi,asismoi,,,,3,0,
,,ogpluf,ogblef,,,,2,1,
,,edukhoin,edukkoil,,,,4,2,
,,gbenoi,gboroi,,,,2,0,
,,skeonio,skeimio,,,,3,0,
,,tworulf,tmoruwf,,,,1,1,
,,coarnio,coornoo,,,,2,1,
,,mesoin,mepoir,,,,2,2,
,,yrapre,ymapra,,,,1,1,
,,cyyeoin,cyyoiin,,,,3,0,
,,giplfu,gaprfu,,,,1,0,
,,khare,kxawe,,,,1,0,
,,tahtire,tabtira,,,,2,1,
,,utioin,usioon,,,,1,1,
,,iedebla,aedebra,,,,0,2,
,,iccanoi,occaloi,,,,0,0,
,,ytalabe,ytolebe,,,,2,1,
,,eitsino,eicsine,,,,2,2,
,,ohlulf,ohwulh,,,,2,2,
,,atbfeulf,etbfeurf,,,,0,1,
,,pooyufl,tooyucl,,,,0,1,
,,dieflu,daeglu,,,,1,0,
,,ebembeal,ibempeal,,,,0,0,
,,uohdluf,aohdluk,,,,0,2,
,,yepire,yepero,,,,3,1,
,,cegre,hegye,,,,0,0,
,,eifdpluf,eiftpruf,,,,3,0,
,,yervre,lervme,,,,0,0,
,,owrcre,owrdme,,,,3,0,
,,mlohufl,mlehefl,,,,2,0,
,,hrere,hrome,,,,2,0,
,,saaoni,siaomi,,,,1,1,
,,kmooin,kmioij,,,,2,2,
,,pdeoin,bdeoan,,,,0,1,
,,tsosere,fsosera,,,,0,1,
,,oocpino,oochuno,,,,3,0,
,,edsiulf,adsiulp,,,,0,2,
,,rkenoi,rbemoi,,,,1,0,
,,itahtnio,atahtnuo,,,,0,1,
,,mfeoni,mteomi,,,,1,1,
,,tonoino,tonailo,,,,3,1,
,,awogabel,awohabol,,,,3,2,
,,ysolaeb,ytolaab,,,,1,2,
,,weslabe,weflebe,,,,2,1,
,,ytenoi,mtemoi,,,,0,0,
,,teudfbale,teusfbalo,,,,3,3,
,,eofthulf,oofthult,,,,0,2,
,,rmitoni,rmoteni,,,,2,0,
,,ribeluf,mibemuf,,,,0,0,
,,aestnoi,aesvnui,,,,3,1,
,,courre,coorri,,,,2,1,
,,odectufl,odictucl,,,,2,1,
,,eassre,iassra,,,,0,1,
,,mboluf,rbolaf,,,,0,1,
,,pimaebl,pemaubl,,,,1,1,
,,ueptblae,eeptblai,,,,0,3,
,,oapbeal,eapbeil,,,,0,2,
,,htealeb,hceareb,,,,1,1,
,,mhooni,rhooyi,,,,0,1,
,,slere,slari,,,,2,1,
,,okmrulf,ekmrulh,,,,0,2,
,,cisaulf,cisuulh,,,,3,2,
,,adecino,adacina,,,,2,2,
,,koroaebl,corooebl,,,,0,0,
,,ahetufl,ohetuhl,,,,0,1,
,,ontblae,entblau,,,,0,3,
,,revynoi,revlmoi,,,,3,0,
,,toorufl,coorusl,,,,0,1,
,,culeelab,culaeleb,,,,3,2,
,,etwino,efweno,,,,1,0,
,,detcinio,dotcilio,,,,1,0,
,,eetre,eitri,,,,1,1,
,,soialbe,boianbe,,,,0,1,
,,ascnio,atcnao,,,,1,1,
,,icpelfu,itpenfu,,,,1,0,
,,edtre,edbri,,,,2,1,
,,kirnio,sirmio,,,,0,0,
,,amprluf,ampyruf,,,,3,0,
,,lhore,rhowe,,,,0,0,
,,ausleab,iusleeb,,,,0,2,
,,tofbeelba,tefbeelbe,,,,1,3,
,,etnulf,etrulc,,,,2,2,
,,mtiulf,ytiulh,,,,0,2,
,,otiyluf,otoylef,,,,2,1,
,,xkunio,xkanoo,,,,2,1,
,,emfnio,emtmio,,,,2,0,
,,fubtoulf,fubtaelf,,,,4,0,
,,iitwre,iotwra,,,,1,1,
,,mhiino,msiono,,,,1,0,
,,isocre,isecro,,,,2,1,
,,ifyealb,ihyoalb,,,,1,0,
,,eaksebla,eiksobla,,,,1,0,
,,eybflu,erbfli,,,,1,2,
,,ifdanio,ifsario,,,,2,0,
,,ohmre,ohrra,,,,2,1,
,,dmiiino,dwiiini,,,,1,2,
,,rhaoni,rhoone,,,,2,2,
,,ddoaebl,hdoaobl,,,,0,1,
,,yhire,ytira,,,,1,1,
,,yihoin,yitain,,,,2,0,
,,metrblea,motrblee,,,,1,3,
,,tatehnio,tatahneo,,,,3,1,
,,cdoulf,hdoult,,,,0,2,
,,dialaeb,dealaeg,,,,1,3,
,,miibnio,miebnie,,,,2,2,
,,icetino,icesiro,,,,3,1,
,,tarlfu,parmfu,,,,0,0,
,,wdoaflu,whoaplu,,,,1,0,
,,mlohelba,mlehilba,,,,2,0,
,,eothpeabl,iothpeabr,,,,0,3,
,,rtere,mtera,,,,0,1,
,,poynoi,pornoe,,,,2,2,
,,insflu,imsfmu,,,,1,1,
,,icboni,acbini,,,,0,0,
,,suetbnio,suettneo,,,,4,1,
,,hoodre,hoocne,,,,3,0,
,,uebftflu,uabftplu,,,,1,0,
,,prilfu,pralfe,,,,2,2,
,adehrre,edahrre,edehrme,,,0,0,0,
,udpwaeabl,edgwaeabl,edpwaeebl,,,0,0,1,
,neaomsoin,nieomsoin,niaomsain,,,1,0,0,
,eptmuobela,edtwuobela,edtmuobala,,,1,1,1,
,nebetefnoi,nubetufnoi,nubetefnei,,,1,3,1,
,rusmmare,nusmyare,nusmmaro,,,0,2,1,
,ecaosmlfu,edaesmlfu,edaosmldu,,,1,1,1,
,esahedabel,edehedabel,edahedabem,,,1,0,3,
,adaopsre,edaohsre,edaopsro,,,0,2,1,
,epsaislabe,edsaoslabe,edsaislaba,,,1,2,3,
,adlansflu,edlensflu,edlansfla,,,0,1,2,
,udibmulf,edebmulf,edibmelf,,,0,0,0,
,etiptonio,edoptonio,ediptorio,,,1,0,0,
,rulnasoni,nulrasoni,nulnasori,,,0,1,1,
,odetossealb,edatossealb,edetosseelb,,,0,0,1,
,rapahowoni,repatowoni,repahowona,,,1,1,2,
,nootkare,nuottare,nuotkaro,,,1,2,1,
,epmathebeal,eprethebeal,epratheveal,,,2,0,0,
,lpeterre,rpetemre,rpeterme,,,0,2,0,
,adrmekoin,edrnekoin,edrmekoon,,,0,1,1,
,wumtare,numture,numtari,,,0,2,1,
,redmataleb,repmafaleb,repmatoleb,,,2,2,0,
,pemtmaoin,perdmaoin,pertmaoiw,,,2,0,2,
,wihatataebl,nihotataebl,nihatataebr,,,0,1,3,
,odbdere,edbtere,edbdele,,,0,1,0,
,etmmtere,edmmtare,edmmtewe,,,1,3,0,
,odlakino,edrakino,edlakini,,,0,0,2,
,riprtooni,reprteoni,reprtoone,,,1,2,2,
,ettteare,edhteare,edtteale,,,1,0,0,
,nelidino,nulodino,nulidine,,,1,1,2,
,ecotmroni,edetmroni,edotmrone,,,1,0,2,
,idtacelfu,edtecelfu,edtaceltu,,,0,1,1,
,arpaupoin,erpaepoin,erpaupain,,,0,1,0,
,nomfolaeb,numsolaeb,numfowaeb,,,1,1,0,
,murutabel,nurufabel,nurutapel,,,0,2,1,
,muosesflabe,nuosesdlabe,nuosesflabi,,,0,4,3,
,iprsihino,eprpihino,eprsihano,,,0,0,0,
,ehsweleba,edswoleba,edsweluba,,,1,2,1,
,rirhurlfu,nirhuylfu,nirhurmfu,,,0,3,0,
,ruehgoin,nuahgoin,nuehgein,,,0,0,0,
,rteaogabel,rpeaagabel,rpeaogakel,,,1,1,1,
,risbaiufl,nisdaiufl,nisbaiudl,,,0,1,1,
,udmetulf,edmedulf,edmetuls,,,0,2,2,
,lepsiaflu,repsiiflu,repsiafru,,,0,2,1,
,miitybael,niisybael,niitybaen,,,0,1,3,
,neaymponi,nuoymponi,nuaympini,,,1,0,0,
,necoire,nicuire,nicoiye,,,1,1,0,
,serbedluf,perbesluf,perbedmuf,,,0,2,0,
,luuttesre,nuuttusre,nuuttesru,,,0,3,1,
,rilcuaoin,nilcuooin,nilcuaain,,,0,3,0,
,adeytluf,edoytluf,edeytlub,,,0,0,2,
,yihmaroni,nihraroni,nihmarone,,,0,1,2,
,muteohoni,nuheohoni,nuteohomi,,,0,0,1,
,aprutomluf,eprutemluf,eprutomlud,,,0,2,2,
,udtmeoni,edpmeoni,edtmeono,,,0,0,2,
,odhgeino,edsgeino,edhgeini,,,0,0,2,
,idwrodflu,edwrudflu,edwrodhlu,,,0,2,0,
,nubdire,nipdire,nibdime,,,1,0,0,
,rifaelabe,nifielabe,nifaerabe,,,0,1,0,
,ebassioni,edasdioni,edassieni,,,1,2,0,
,nemesore,nimetore,nimesora,,,1,2,1,
,npeafasoin,rpeapasoin,rpeafasein,,,0,1,0,
,nerevre,niretre,nirevri,,,1,2,1,
,ekiosre,ediisre,ediosme,,,1,1,0,
,epusooin,edupooin,edusoein,,,1,1,0,
,nobtoflu,nibsoflu,nibtofyu,,,1,1,1,
,rupamyre,nuparyre,nupamyne,,,0,2,0,
,emphrore,erpfrore,erphrone,,,1,0,0,
,esisflfu,edihflfu,edisflfo,,,1,1,2,
,idrhoino,edrboino,edrhoine,,,0,1,2,
,adgpaluf,edgpeluf,edgpalaf,,,0,2,1,
,purvlrenio,pervlranio,pervlreniu,,,1,3,2,
,ebeadhre,eduadhre,edeadhro,,,1,0,1,
,nipmiwnoi,nusmiwnoi,nupmiwnei,,,1,0,1,
,lilbere,nilpere,nilbero,,,0,1,1,
,adfneufl,edfnuufl,edfneefl,,,0,2,0,
,irpcetaluf,erpceteluf,erpcetamuf,,,0,3,0,
,odacfnoi,edachnoi,edacfnoe,,,0,2,2,
,miertbeal,nierbbeal,niertbeol,,,0,2,2,
,arpsagoni,erpvagoni,erpsageni,,,0,0,0,
,nucuisoin,nicuicoin,nicuisoir,,,1,3,2,
,netahenoi,nitafenoi,nitahenoe,,,1,2,2,
,natyioin,nugyioin,nutyioil,,,1,0,2,
,mittoefino,nittoesino,nittoefano,,,0,4,0,
,retsriaelb,repsraaelb,repsriaelf,,,2,2,3,
,adedmulf,edepmulf,ededmolf,,,0,1,0,
,nahooceabl,nuhoeceabl,nuhoociabl,,,1,2,0,
,respkeonio,reppkaonio,reppkeonia,,,2,2,2,
,wuasevre,nuusevre,nuasevra,,,0,0,1,
,pemosneabl,peresneabl,perosneadl,,,2,0,2,
,idesamnio,edosamnio,edesamrio,,,0,0,0,
,mpeciore,rpediore,rpeciori,,,0,0,1,
,ehortre,edorhre,edortme,,,1,2,0,
,rupimkoin,repiwkoin,repimkoiw,,,1,1,2,
,yismaebal,nislaebal,nismaibal,,,0,1,0,
,erfhlilfu,erphrilfu,erphlirfu,,,2,1,0,
,witetsoelba,nitetsielba,nitetsoelta,,,0,4,2,
,epccaooni,edccuooni,edccaooli,,,1,2,1,
,nerapnoi,nimapnoi,nirapnii,,,1,0,1,
,rutheoino,nutheaino,nutheoeno,,,0,3,0,
,nofonluf,nifanluf,nifonlaf,,,1,1,1,
,odifroin,edefroin,edifrain,,,0,0,0,
,micfaluf,nicsaluf,nicfalif,,,0,1,1,
,efrhaino,edrtaino,edrhaeno,,,1,1,0,
,adonatre,edunatre,edonatne,,,0,0,0,
,adofhotnoi,edophotnoi,edofhotnoe,,,0,1,2,
,muteyoni,nudeyoni,nuteyori,,,0,0,1,
,eypveotre,erpviotre,erpveotra,,,1,1,1,
,needdoflu,nuedhoflu,nueddofle,,,1,2,2,
,naomfabel,niomdabel,niomfabol,,,1,2,2,
,espaelabe,edsaelabe,edpaelabi,,,1,0,3,
,nalucaoni,niluhaoni,nilucaeni,,,1,2,0,
,urpmetino,erpletino,erpmetine,,,0,0,2,
,rimtere,nimvere,nimteru,,,0,1,1,
,ecithoplbea,edithotlbea,edithoplcea,,,1,4,1,
,nasooluf,nidooluf,nisoolof,,,1,0,1,
,beracfnio,perasfnio,peracflio,,,0,1,0,
,rtedtiocre,rpedtaocre,rpedtiocro,,,1,2,1,
,neaisnio,nuaesnio,nuaisnie,,,1,1,2,
,etrmpnolbae,eprmhnolbae,eprmpnolbee,,,1,1,2,
,nehooftnio,nitooftnio,nihooftyio,,,1,0,0,
,nosfaaeabl,nisfaeeabl,nisfaaeafl,,,1,3,2,
,ehcyyoflu,edsyyoflu,edcyyohlu,,,1,0,0,
,nebcabael,nubpabael,nubcabaol,,,1,1,2,
,evteostnio,edseostnio,edteostyio,,,1,0,0,
,ecorhlaeb,edarhlaeb,edorhlaes,,,1,0,3,
,eputhebla,edughebla,edutheblo,,,1,1,3,
,muproleab,nuhroleab,nuproyeab,,,0,0,0,
,musnoino,nusniino,nusnoimo,,,0,2,1,
,naitcdoebal,niittdoebal,niitcdoebam,,,1,2,3,
,porrehoni,perresoni,perreheni,,,1,2,0,
,empedbre,erpadbre,erpedbru,,,1,0,1,
,nayycore,nurycore,nuyycoro,,,1,0,1,
,neeebtfnoi,nueeftfnoi,nueebtfnoa,,,1,2,2,
,epwefsutre,eprefsudre,eprefsutra,,,2,4,1,
,natheahino,nitteahino,nitheahimo,,,1,1,1,
,epmyeepre,eprmeepre,epryeepne,,,2,0,0,
,yutuhino,nutehino,nutuhiro,,,0,1,1,
,mepkmilnio,rephmilnio,repkmilnie,,,0,0,2,
,weplemhre,replelhre,replemhro,,,0,2,1,
,ebgsaoin,edgseoin,edgsaein,,,1,2,0,
,epimtre,edomtre,edimtwe,,,1,0,0,
,etfsioni,edfsaoni,edfsiani,,,1,2,0,
munirap,nujirap,nunimap,,,0,0,0,,
naeddoo,niepdoo,nieddoe,,,1,1,2,,
lunisal,numisal,nunihal,,,0,0,0,,
norpeifr,nuwpeifr,nurpeifm,,,1,0,2,,
odrepmet,edregmet,edrepmes,,,0,2,2,,
irpedceh,erpudceh,erpedseh,,,0,0,0,,
neniaett,nujiaett,nuniaeth,,,1,0,3,,
odniettof,edmiettof,edniettef,,,0,0,3,,
nanimwip,nunomwip,nuniwwip,,,1,1,0,,
ypeniibd,rpeyiibd,rpeniikd,,,0,0,1,,
ninipyam,nuyipyam,nunipyaw,,,1,0,3,,
idnudofu,edmudofu,ednudafu,,,0,0,1,,
lpenurpo,rpenerpo,rpenurpe,,,0,1,2,,
adnuhiy,edruhiy,ednuhay,,,0,0,1,,
odnuihet,edruihet,ednuohet,,,0,0,0,,
adrpeaog,edmpeaog,edrpeoog,,,0,0,0,,
adnuopmn,edruopmn,ednuopmw,,,0,0,3,,
paredrpa,peretrpa,peredrka,,,1,1,1,,
etniags,ednaags,edniegs,,,1,1,0,,
rurpeesaw,nurpoesaw,nurpeisaw,,,0,2,0,,
niedhade,nuudhade,nuedcade,,,1,0,0,,
porednfo,peradnfo,perednto,,,1,0,1,,
naeprceat,niecrceat,nieprciat,,,1,1,1,,
adnieap,ednueap,ednieas,,,0,1,2,,
ecninos,ednenos,edninot,,,1,1,2,,
etnueadh,edmueadh,ednuiadh,,,1,0,0,,
ehnuiucs,ednoiucs,ednuiups,,,1,1,2,,
odnihil,ednahil,ednitil,,,0,1,0,,
ehrniirs,eprmiirs,eprniers,,,1,0,0,,
wipereyt,niporeyt,nipereyh,,,0,1,2,,
niniiwhy,nuneiwhy,nuniirhy,,,1,1,1,,
rehnuhil,repnehil,repnuhel,,,2,1,1,,
rdenulsa,rpemulsa,rpenulpa,,,1,0,1,,
nanisuo,numisuo,nuniseo,,,1,0,1,,
mepnufwe,repnefwe,repnufwo,,,0,1,2,,
etperwase,edpelwase,edperwafe,,,1,2,2,,
wiedsga,niessga,niedsgi,,,0,1,2,,
orpedtuod,erpadtuod,erpedtaod,,,0,0,1,,
wirpeedb,nirpiedb,nirpeetb,,,0,2,1,,
epmnupmay,epryupmay,eprnupray,,,2,0,1,,
oderpohw,ederbohw,ederpohm,,,0,2,2,,
wpeedothe,rpeecothe,rpeedotke,,,0,1,2,,
linuacb,niruacb,ninuasb,,,0,0,1,,
ruedfen,nuudfen,nuedfan,,,0,0,1,,
ehredsmi,eprepsmi,epredsyi,,,1,1,1,,
miedgao,niidgao,niedgai,,,0,0,2,,
murepyot,nuregyot,nurepyop,,,0,2,2,,
epynutiep,eprnitiep,eprnuteep,,,2,1,1,,
rdeedtstue,rpeeptstue,rpeedtshue,,,1,1,2,,
narpeseic,niypeseic,nirpesaic,,,1,0,1,,
needasl,niadasl,niedagl,,,1,0,1,,
nerpeases,nurdeases,nurpeasus,,,1,1,2,,
nepedbdi,repesbdi,repedbdo,,,0,1,2,,
eterpoorc,edertoorc,ederpoerc,,,1,2,1,,
rkenuety,rperuety,rpenuepy,,,1,0,1,,
mierphoitp,niarphoitp,nierphiitp,,,0,0,1,,
pemedpoke,peridpoke,peredpoka,,,2,0,3,,
rierpmti,niertmti,nierpnti,,,0,2,0,,
etperiwmp,edseriwmp,edperirmp,,,1,0,1,,
wepedofm,repetofm,repedodm,,,0,1,1,,
rpoedhotfo,rpeexhotfo,rpeedhoffo,,,2,1,2,,
mepnusem,repnesem,repnusel,,,0,1,2,,
egnudocti,edyudocti,ednudocte,,,1,0,4,,
udnibac,edmibac,ednibaf,,,0,0,2,,
ekerptsie,ederttsie,ederptsii,,,1,2,3,,
ehnutehha,edrutehha,ednutehhe,,,1,0,4,,
naediet,nietiet,niedeet,,,1,1,0,,
runiwfe,nuwiwfe,nuniwfa,,,0,0,2,,
nieddaac,nuetdaac,nueddaoc,,,1,1,2,,
odnuatno,edwuatno,ednuaxno,,,0,0,1,,
epmnudea,eprnedea,eprnukea,,,2,1,0,,
odeproos,edesroos,edepraos,,,0,1,0,,
empnukope,erpnekope,erpnudope,,,1,1,0,,
etnuyhi,edluyhi,ednuyhe,,,1,0,2,,
neniiotw,numiiotw,nuniietw,,,1,0,1,,
aprnicaf,eprricaf,eprnisaf,,,0,0,0,,
erfnisicse,erpnosicse,erpnisicso,,,2,1,4,,
neniwho,nuriwho,nuniwpo,,,1,0,1,,
rurepceh,nurapceh,nurepcih,,,0,1,1,,
odnidout,edridout,edniduut,,,0,0,1,,
ecnuade,edluade,ednuide,,,1,0,0,,
yuedihy,nuegihy,nuedahy,,,0,1,0,,
odnuebhe,edneebhe,ednuubhe,,,0,1,0,,
wpeedhrur,rpeidhrur,rpeedhrir,,,0,0,2,,
ehrniwpa,eprnawpa,eprniwza,,,1,1,1,,
needioc,nuegioc,nuediec,,,1,1,1,,
noedmut,nuetmut,nuedmet,,,1,1,1,,
etnigela,edmigela,ednigila,,,1,0,1,,
riperoyot,nipiroyot,niperomot,,,0,1,1,,
mueddcaa,nuefdcaa,nueddkaa,,,0,1,1,,
naedwse,niodwse,niedmse,,,1,0,0,,
odnuhaow,ednohaow,ednutaow,,,0,1,0,,
naerpotb,nuempotb,nuerpots,,,1,1,2,,
nerpetne,nircetne,nirpetno,,,1,1,2,,
muednet,nuefnet,nuedlet,,,0,1,0,,
lpenuhaa,rpeluhaa,rpenutaa,,,0,0,0,,
naedihy,nuodihy,nuedisy,,,1,0,1,,
neeprapw,nietrapw,nieprapl,,,1,1,2,,
neeprcoi,nietrcoi,nieprhoi,,,1,1,0,,
ehnufsoes,ednefsoes,ednufdoes,,,1,1,1,,
miedpwmi,niecpwmi,niedprmi,,,0,1,1,,
eypedomtr,erpidomtr,erpedortr,,,1,0,1,,
etnunpe,ednonpe,ednunte,,,1,1,1,,
yuerpmtu,nuerbmtu,nuerpmto,,,0,2,2,,
noperohtof,niterohtof,niperohpof,,,1,0,2,,
naedhoipt,nieshoipt,niedhoipf,,,1,1,4,,
ruperrte,nuporrte,nuperlte,,,0,1,0,,
rapniwef,repnowef,repniwed,,,1,1,2,,
noedosest,nuudosest,nuedasest,,,1,0,0,,
nepnibac,repmibac,repnibec,,,0,0,1,,
ersniemrk,erpriemrk,erpniewrk,,,2,0,1,,
rteednud,rpeetnud,rpeedmud,,,1,1,0,,
esnuveas,edluveas,ednuveap,,,1,0,3,,
yuedmof,nuidmof,nuedmot,,,0,0,2,,
runitotu,numitotu,nunitosu,,,0,0,2,,
riedsosfe,niebsosfe,niedsesfe,,,0,1,1,,
odnimfo,ednomfo,ednirfo,,,0,1,0,,
adnurte,edlurte,ednurhe,,,0,0,1,,
idnioscic,edwioscic,ednioscac,,,0,0,3,,
eterpdyu,edempdyu,ederpdru,,,1,1,1,,
etnimeso,edmimeso,ednimeho,,,1,0,2,,
ehnumbei,edlumbei,ednumbeo,,,1,0,3,,
rseedpro,rpeudpro,rpeeddro,,,1,0,0,,
retniduy,repliduy,repnicuy,,,2,0,0,,
idnucise,ednecise,ednusise,,,0,1,0,,
pemnuedkuk,permuedkuk,pernuedkus,,,2,0,4,,
rseedrfi,rpeadrfi,rpeedrti,,,1,0,1,,
minumdue,ninamdue,ninumduo,,,0,1,3,,
refnumse,repnemse,repnumsi,,,2,1,2,,
etnicba,edmicba,ednifba,,,1,0,0,,
riedeign,niefeign,niedeitn,,,0,1,2,,
rsenuabuft,rpeniabuft,rpenuibuft,,,1,1,0,,
rinudaac,nimudaac,ninudaec,,,0,0,2,,
eypedifs,erpebifs,erpedifd,,,1,1,2,,
riedcfa,niodcfa,niedhfa,,,0,0,0,,
lirepbgo,niretbgo,nirepbge,,,0,2,2,,
ehnumki,ednemki,ednumke,,,1,1,2,,
noedetmm,nuegetmm,nuedetlm,,,1,1,2,,
nerepnud,nirapnud,nirepned,,,1,1,1,,
idnifduo,edlifduo,ednifdua,,,0,0,3,,
empnifasa,erprifasa,erpnifase,,,1,0,3,,
wuedeact,nueceact,nuedaact,,,0,1,0,,
needsaaf,nuodsaaf,nuedsoaf,,,1,0,1,,
,,aetulfleba,aefurfleba,aefulfliba,,,2,1,1
,,isniluflbae,esnilutlbae,esnilufltae,,,0,2,1
,,xkeelabflu,xkaelatflu,xkaelabslu,,,2,3,0
,,orpealblfu,orbaalblfu,orbealbltu,,,2,0,1
,,erpnoire,arpyoire,arpnoiru,,,0,0,1
,,euslfubale,iuslfabale,iuslfudale,,,0,2,0
,,sotuflealb,botuslealb,botuflaalb,,,0,1,0
,,yselufabel,yteluhabel,ytelufatel,,,1,2,1
,,leknoire,lakniire,laknoime,,,1,1,0
,,bitreino,bidleino,bidreijo,,,2,0,1
,,iepyealbflu,eepyeelbflu,eepyealbfmu,,,0,1,1
,,rlodrenio,rwodrunio,rwodreneo,,,1,1,1
,,sanreoin,senraoin,senreoil,,,1,1,2
,,hoacreoni,coacraoni,coacreone,,,0,1,2
,,rpeinore,mpeenore,mpeinole,,,0,0,0
,,hmeuflabel,pmeoflabel,pmeuflasel,,,0,0,1
,,htaagfluabel,htaatsluabel,htaatfluahel,,,4,0,1
,,tmerenio,tmiwenio,tmirenie,,,2,0,2
,,utatulfabel,utotolfabel,utotulfabil,,,2,0,2
,,ctireoni,ctaraoni,ctareona,,,2,1,2
,,atxreino,akxroino,akxreiro,,,1,1,1
,,memhealbluf,remheolbluf,remhealbruf,,,0,1,0
,,mdiniore,ldineore,ldiniori,,,0,1,1
,,uohuflealb,aohufmealb,aohuflearb,,,0,2,2
,,ehtlufblea,uhtlefblea,uhtlufdlea,,,0,1,0
,,sohreoni,sihrooni,sihreeni,,,1,1,0
,,fwainore,fweirore,fweinoro,,,2,1,1
,,rdulfubael,ydulsubael,ydulfubaol,,,0,1,2
,,fanreoin,fenrioin,fenreoim,,,1,1,2
,,npolreino,npomroino,npomreini,,,3,1,2
,,sfcieuflelba,sscieeflelba,sscieuflelbo,,,1,0,3
,,ebhrenio,ebdmenio,ebdreyio,,,2,0,0
,,rivinore,revinare,revinoro,,,1,2,1
,,irrhniore,urrhneore,urrhniome,,,0,1,0
,,yplaeblaulf,ypmaeslaulf,ypmaeblaelf,,,2,1,0
,,iapslfuebal,iabslvuebal,iabslfuehal,,,2,1,1
,,ipgbleaufl,apgcleaufl,apgbleaupl,,,0,0,1
,,igorenoi,isoyenoi,isorenui,,,1,0,1
,,etrlabelfu,utrlagelfu,utrlabemfu,,,0,2,0
,,mapleabulf,rapyeabulf,rapleabalf,,,0,0,0
,,baiulfealb,boielfealb,boiulfeolb,,,1,0,1
,,ikedlufelab,ikeslutelab,ikeslufulab,,,3,2,0
,,seduflaelb,bedaflaelb,beduflaelc,,,0,0,3
,,chaonire,cbainire,cbaonime,,,1,0,0
,,ayhmflublae,aypmfliblae,aypmflublaa,,,2,2,3
,,aipabellfu,aupabullfu,aupabelltu,,,1,2,1
,,ityolebaflu,otyolebeflu,otyolebatlu,,,0,3,0
,,widufllbea,lidutllbea,lidufllboa,,,0,1,2
,,soecfonire,soesfonore,soesfoniri,,,3,2,1
,,eihsculfaelb,eissculsaelb,eissculfaelh,,,2,2,3
,,wedblaeulf,wefbleeulf,wefblaeelf,,,2,2,0
,,kyoylufbale,cyoylofbale,cyoylufbalo,,,0,1,3
,,aclonire,aslonare,aslonile,,,1,2,0
,,tomnoire,tamroire,tamnoime,,,1,0,0
,,msyanoire,msmanoare,msmanoiro,,,2,2,1
,,yrekrenio,mrekranio,mrekrenoo,,,0,1,1
,,efsasflueabl,efsosfwueabl,efsosflueibl,,,3,1,1
,,hreronire,hruronure,hruronile,,,2,2,0
,,fmeonire,fneomire,fneonira,,,1,1,1
,,tenflubeal,terflobeal,terflubeam,,,2,2,3
,,ifmonire,ofmanire,ofmonime,,,0,0,0
,,bsocibaleflu,csocibeleflu,csocibalefru,,,0,1,1
,,piotgonire,piothanire,piothonime,,,4,0,0
,,etconire,ehcorire,ehconime,,,1,1,0
,,yetmniore,metmyiore,metmnioro,,,0,0,1
,,ehrinore,ahriwore,ahrinone,,,0,1,0
,,udamlbaeulf,udemlbaaulf,udemlbaeelf,,,2,3,0
,,wrsorenoi,wrdorunoi,wrdoreyoi,,,2,1,0
,,tiomoinre,tuomoiyre,tuomoinme,,,1,2,0
,,tlereoni,tremeoni,trereori,,,1,0,1
,,rtibelaufl,ytibeleufl,ytibelaufm,,,0,3,2
,,ttteenoire,tsteemoire,tsteenoiri,,,1,0,1
,,rhauflabel,rsautlabel,rsauflebel,,,1,1,0
,,fmeulfbale,dmeurfbale,dmeulfbole,,,0,1,1
,,iohblaeluf,iocslaeluf,iocblaelof,,,2,0,1
,,hiucniore,siucniere,siucniora,,,0,2,1
,,arhuflaebl,orhufwaebl,orhufliebl,,,0,2,0
,,estitreino,estotmeino,estotreine,,,3,0,2
,,mtolufbale,mfolusbale,mfolufbele,,,1,2,1
,,osmreoni,ofmraoni,ofmreoyi,,,1,1,1
,,irtrenio,imtrunio,imtrenao,,,1,1,1
,,isrinore,ismiyore,isminome,,,2,1,0
,,mlahnoire,mlehwoire,mlehnoile,,,2,0,0
,,atreabllfu,etreabrlfu,etreabllfe,,,0,3,2
,,soisconire,coiscomire,coisconiro,,,0,1,1
,,fyionire,frienire,frioniye,,,1,0,0
,,huhoinre,tuhoiwre,tuhoinro,,,0,2,1
,,hiuoinre,siuainre,siuoinye,,,0,0,0
,,mhweelabulf,mhreelahulf,mhreelabelf,,,2,3,0
,,payonire,paronare,paronile,,,2,2,0
,,droyflulbea,drowtlulbea,drowflulbaa,,,3,0,2
,,ywpirenio,ywhimenio,ywhireneo,,,2,0,1
,,wsuonire,wseanire,wseonime,,,2,0,0
,,rtiinore,mtiimore,mtiinori,,,0,1,1
,,seuonire,souonare,souonime,,,1,2,0
,,rfolufebal,nfolefebal,nfolufebil,,,0,1,2
,,ksioreino,ksiemeino,ksiereimo,,,3,0,1
,,uhclfuebal,ehclfaebal,ehclfuebay,,,0,2,3
,,doiwreoni,toiwruoni,toiwreona,,,0,1,2
,,helleabufl,hilreabufl,hilleabafl,,,1,0,0
,,ccooulfelab,choourfelab,chooulfelib,,,1,1,2
,,dyeublaelfu,dmeuslaelfu,dmeublaelfi,,,1,0,2
,,rtafluelba,rteflielba,rtefluolba,,,2,2,0
,,pgoreoni,pgarioni,pgareona,,,2,1,2
,,taxonire,kaxoyire,kaxoniye,,,0,1,0
,,moklebaflu,mikrebaflu,miklebatlu,,,1,0,0
,,kixblealfu,kaxbleelfu,kaxblealdu,,,1,3,1
,,wmtoufllbae,rmtoefllbae,rmtouflnbae,,,0,0,0
,,ausulfblae,ousilfblae,ousulfblaa,,,0,0,3
,,isiulfleba,usiumfleba,usiulflebe,,,0,1,3
,,pteeuflbeal,pteiufybeal,pteiuflbear,,,3,2,3
,,akmaleblfu,akleleblfu,aklalebrfu,,,2,0,0
,,toihluflbae,teihruflbae,teihlufltae,,,1,0,1
,,cciesonire,cciosomire,cciosoniye,,,3,1,0
,,ihmeblaufl,ahmablaufl,ahmeblaafl,,,0,0,0
,,rtmenoire,mtmeneire,mtmenoiri,,,0,1,1
,,tumlufaleb,tamwufaleb,tamlufaled,,,1,0,3
,,eusonire,ousonare,ousonime,,,0,2,0
,,ttehaalebufl,thehaayebufl,thehaalebufm,,,1,1,2
,,pehulfaleb,cehumfaleb,cehulfalob,,,0,1,2
,,cooulfebal,sooumfebal,sooulfesal,,,0,1,1
,,apnnoire,epnnoare,epnnoiwe,,,0,2,0
,,atsiluflbea,etsiloflbea,etsilufltea,,,0,1,1
,,udhalfubeal,edharfubeal,edhalfubaal,,,0,0,1
,,flooinre,fmoeinre,fmooinye,,,1,0,0
,,arsulfaelb,irsulhaelb,irsulfeelb,,,0,2,0
,,ssaareoin,ssairaoin,ssaireoan,,,3,1,1
,,sarlluflaeb,sanlluhlaeb,sanlluflaab,,,2,2,2
,,daurenoi,daerunoi,daerenoe,,,2,1,2
,,ohohalebulf,ohocalobulf,ohocalebulp,,,3,2,2
,,ertniore,ortneore,ortnioru,,,0,1,1
,,theatreoni,thaatraoni,thaatreona,,,2,1,2
,,imhrflublea,emhrtlublea,emhrfluflea,,,0,0,0
,,kilniore,kimniire,kimnione,,,2,2,0
,,eulgonire,ealgonere,ealgoniwe,,,1,2,0
,,mesulfalbe,medolfalbe,medulfelbe,,,2,0,0
,,eycaeblflu,eytaeslflu,eytaeblfle,,,2,2,2
,,npebleaulf,nsebmeaulf,nsebleaumf,,,1,1,1
,,roecalebflu,roocalehflu,roocalebfmu,,,2,3,1
,,uchinore,echilore,echinole,,,0,1,0
,,odutflubale,otutfwubale,otutflutale,,,1,1,0
,,pmomleabflu,pnomleasflu,pnomleabfyu,,,1,3,1
,,dceureoin,dpeuweoin,dpeureoan,,,1,0,1
,notesutreoin,nubesutreoin,nutesutraoin,nutesutreoiy,,1,0,1,2
,munfebleaulf,nunfobleaulf,nunfebluaulf,nunfebleauls,,0,2,2,2
,ypeberrenoi,rpebemrenoi,rpeberrinoi,rpeberrenoa,,0,2,1,2
,odeytlbeaulf,edaytlbeaulf,edeytlbaaulf,edeytlbeauls,,0,0,2,2
,noetmebalflu,nietwebalflu,nietmobalflu,nietmebalfnu,,1,2,0,1
,ertmselbaeulf,erpmdelbaeulf,erpmsenbaeulf,erpmselbaeult,,2,1,0,2
,echfootreoni,edhfoodreoni,edhfootmeoni,edhfootreeni,,1,4,0,0
,rugpalufealb,nuhpalufealb,nugpamufealb,nugpalufialb,,0,0,0,0
,mircoonoire,nircoanoire,nircooroire,nircoonoiro,,0,3,0,1
,admetinore,edmesinore,edmetiwore,edmetinowe,,0,2,1,0
,episraeblulf,edosraeblulf,edisroeblulf,edisraeblalf,,1,0,0,0
,nensoreino,nintoreino,ninsoraino,ninsoreono,,1,1,1,0
,odhtuoinre,edhsuoinre,edhtuounre,edhtuoinro,,0,1,1,1
,lisemoaeblulf,nitemoaeblulf,nisemoieblulf,nisemoaeblelf,,0,0,0,0
,yilgaereoin,nilbaereoin,nilgaemeoin,nilgaereoen,,0,1,0,1
,mpebtorenoi,rpebterenoi,rpebtomenoi,rpebtoremoi,,0,2,0,0
,epluahonire,epruehonire,epruahomire,epruahonira,,2,1,1,1
,orphodalufealb,erphodolufealb,erphodalefealb,erphodalufealt,,0,3,1,3
,widdoeoinre,niddoaoinre,niddoeeinre,niddoeoinri,,0,3,0,1
,egaospnoire,edaofpnoire,edaospwoire,edaospnoile,,1,2,0,0
,rpidacauflbael,rpedadauflbael,rpedacautlbael,rpedacaufltael,,2,2,1,0
,nunyufreoni,ninyifreoni,ninyufrioni,ninyufreeni,,1,2,1,0
,miuahoinre,niuavoinre,niuahoirre,niuahoinra,,0,2,2,1
,ectreinore,edtriinore,edtreinare,edtreinoro,,1,2,2,1
,nerevrenoi,nuravrenoi,nurevnenoi,nurevrenoa,,1,1,0,2
,ypeetsosfluleab,rpeegsosfluleab,rpeetsostluleab,rpeetsosfluleeb,,0,1,0,2
,etmbeilbeaflu,edmbeelbeaflu,edmbeilteaflu,edmbeilbeahlu,,1,3,1,0
,epmkotaonire,eprkovaonire,eprkotaanire,eprkotaoniro,,2,2,0,1
,neyhwiulfbale,nuyhweulfbale,nuyhwiumfbale,nuyhwiulfbali,,1,3,1,3
,mudooulfbale,nudeoulfbale,nudooumfbale,nudooulfbawe,,0,1,1,2
,wufriabelluf,nufruabelluf,nufriabemluf,nufriabelluh,,0,2,3,2
,retisasulfaleb,repicasulfaleb,repisasulhaleb,repisasulfareb,,2,1,2,1
,etbiorenoi,edbuorenoi,edbiorunoi,edbioreroi,,1,1,1,0
,nieblniore,nuehlniore,nueblniure,nueblniome,,1,1,2,0
,adfneulflabe,edfnaulflabe,edfnealflabe,edfneulfmabe,,0,2,0,0
,ebadehinore,edapehinore,edadehirore,edadehinora,,1,1,1,1
,nowmpilufeabl,nirmpilufeabl,niwmpiludeabl,niwmpilufiabl,,1,0,2,0
,idhralabeulf,edsralabeulf,edhralibeulf,edhralabeelf,,0,0,1,0
,ebooytfluaelb,edioytfluaelb,edooytfruaelb,edooytfluailb,,1,0,1,1
,idtteosonire,edttaosonire,edtteosomire,edtteosoniri,,0,2,1,1
,etusefluelab,edugefluelab,edusehluelab,edusefluelap,,1,1,0,3
,netcaniore,nitcuniore,nitcaneore,nitcanioye,,1,2,1,0
,midiiwnoire,nidiewnoire,nidiiwnaire,nidiiwnoiro,,0,2,1,1
,ehccoalufebal,edccealufebal,edccoamufebal,edccoalufebam,,1,2,0,3
,mitmaoinre,nigmaoinre,nitmaeinre,nitmaoinme,,0,0,0,0
,eptpaaniore,edtpainiore,edtpaayiore,edtpaaniole,,1,3,0,0
,eypiksereoin,erpiksareoin,erpikseruoin,erpiksereoiy,,1,3,1,2
,udobgonire,edebgonire,edobgoyire,edobgonime,,0,0,1,0
,riharniore,nisarniore,niharnuore,niharnioro,,0,0,1,1
,ruoptihlbaeflu,nueptihlbaeflu,nuoptihlbeeflu,nuoptihlbaefwu,,0,0,2,1
,neaettrenoi,nuaeptrenoi,nuaettlenoi,nuaettrenii,,1,2,0,1
,ephamreino,edhemreino,edhamroino,edhamreiro,,1,1,1,1
,muahedulfbeal,nuatedulfbeal,nuahedulcbeal,nuahedulfbeam,,0,1,2,3
,adcocaalebufl,edhocaalebufl,edcocaelebufl,edcocaalebupl,,0,0,0,1
,ehatcelfuaelb,edutcelfuaelb,edatceltuaelb,edatcelfuielb,,1,0,1,0
,yisiekrenio,nitiekrenio,nisiekrinio,nisiekreyio,,0,0,1,0
,udxkalufeabl,edxhalufeabl,edxkarufeabl,edxkalufoabl,,0,1,0,0
,yuwordniore,nuwortniore,nuwordniure,nuwordnioro,,0,3,2,1
,mipdeeonire,niddeeonire,nipdeeomire,nipdeeoniru,,0,0,1,1
,etomutreoin,edomotreoin,edomutraoin,edomutreoiw,,1,2,1,2
,narlveoinre,nirlteoinre,nirlveeinre,nirlveoinru,,1,2,0,1
,idorwdalebflu,edowwdalebflu,edorwdelebflu,edorwdalebfla,,0,1,0,2
,risribelaufl,niswibelaufl,nisribeloufl,nisribelautl,,0,1,3,1
,eptreniore,edtraniore,edtremiore,edtreniora,,1,2,0,1
,ipraatthniore,epraacthniore,epraatthriore,epraatthniome,,0,2,0,0
,rioharenoi,niohorenoi,niohalenoi,nioharewoi,,0,2,0,0
,neuproufllaeb,nuupreufllaeb,nuuproufwlaeb,nuuproufllaob,,1,3,2,2
,noiboinore,nueboinore,nuiboanore,nuiboinole,,1,0,0,0
,noatceinore,niatpeinore,niatceinere,niatceinoye,,1,2,2,0
,riprsilebaufl,repmsilebaufl,reprsilebeufl,reprsilebaufn,,1,0,3,2
,ehpgaeblaufl,edpsaeblaufl,edpgaebraufl,edpgaeblaifl,,1,1,2,0
,odoibuflelab,edoubuflelab,edoibufmelab,edoibuflerab,,0,1,2,1
,noassiinore,niatsiinore,niassiinare,niassiinone,,1,1,2,0
,idimsuflbael,edirsuflbael,edimsufmbael,edimsuflbaal,,0,1,2,2
,luuahflulbae,nuuehflulbae,nuuahfrulbae,nuuahflulcae,,0,1,1,1
,netmourenio,nitmeurenio,nitmourinio,nitmoureniu,,1,2,1,2
,egamypeblaluf,edamyceblaluf,edamypublaluf,edamypeblamuf,,1,3,0,0
,needeprenoi,nuedetrenoi,nuedepmenoi,nuedeprenai,,1,3,0,1
,mepaxkuflleba,repapkuflleba,repaxkuplleba,repaxkufllebi,,0,1,1,3
,elpeepyebalflu,erpaepyebalflu,erpeepyebajflu,erpeepyebalfnu,,1,0,3,1
,naotumlaebflu,nietumlaebflu,niotumlaetflu,niotumlaebtlu,,1,0,3,0
,ehsmoealbeluf,edsmoialbeluf,edsmoealboluf,edsmoealbelut,,1,3,3,2
,aprhteedrenoi,eprsteedrenoi,eprhteedranoi,eprhteedrenoo,,0,0,1,2
,etoahulfelba,edoohulfelba,edoahelfelba,edoahulfelda,,1,1,0,2
,verdoolufebla,perdaolufebla,perdoolefebla,perdoolufebna,,0,1,1,2
,namtilfubale,nimtolfubale,nimtimfubale,nimtilfubaye,,1,2,0,2
,epmfoohtealbflu,eprfoohcealbflu,eprfoohtealkflu,eprfoohtealbfle,,2,4,3,2
,epyterreoin,eprtemreoin,eprterweoin,eprterreoim,,2,2,0,2
,addoolufleba,eddaolufleba,eddoolutleba,eddoolufreba,,0,1,2,0
,etofmoinre,edofloinre,edofmounre,edofmoinro,,1,2,1,1
,ehewsnoire,edersnoire,edewsmoire,edewsnoine,,1,1,0,0
,ephmrareoin,edkmrareoin,edhmraleoin,edhmrareuin,,1,0,0,0
,wpetonalebaufl,rpetolalebaufl,rpetonalibaufl,rpetonalebaofl,,0,2,1,0
,oprcfabealluf,eprcgabealluf,eprcfabeamluf,eprcfabeallus,,0,1,3,2
,nehbeeleabluf,nihdeeleabluf,nihbeeleatluf,nihbeeleablup,,1,1,3,2
,odfmoelbaulf,edcmoelbaulf,edfmoelboulf,edfmoelbaurf,,0,0,3,1
,rapwdorinore,repwsorinore,repwdorimore,repwdorinome,,1,1,1,0
,niatonlbeaflu,nuaponlbeaflu,nuatonldeaflu,nuatonlbeadlu,,1,1,1,0
,mideainore,nipeainore,nideaonore,nideainori,,0,0,0,1
,mepfewnoire,rephewnoire,repfewnaire,repfewnoiri,,0,0,1,1
,ehnferenoi,ednherenoi,ednfemenoi,ednferewoi,,1,1,0,0
,odbdibaleflu,edbsibaleflu,edbdipaleflu,edbdibalefla,,0,1,0,2
,apretsosulfbeal,eprethosulfbeal,epretsosurfbeal,epretsosulfbial,,0,2,1,1
,wiouprnoire,nioupwnoire,niouprnoere,niouprnoime,,0,3,2,0
,egofmfluelba,edofrfluelba,edofmfloelba,edofmfluelbe,,1,2,2,3
,riuhtlebaluf,niustlebaluf,niuhtnebaluf,niuhtlebalef,,0,1,0,1
,nobmionire,nibmeonire,nibmioyire,nibmionime,,1,2,1,0
,ebneginoire,edmeginoire,ednegineire,edneginoine,,1,0,1,0
,odousonire,ediusonire,edousowire,edousoniri,,0,0,1,1
,epponmonire,edponronire,edponmonare,edponmonira,,1,3,2,1
,yuhtelfubela,nuhhelfubela,nuhterfubela,nuhtelfubila,,0,1,0,1
,wiuesrenio,niuosrenio,niuesranio,niuesrenii,,0,1,1,2
,oprdoahoinre,eprsoahoinre,eprdoahoenre,eprdoahoinne,,0,0,1,0
,miestteniore,niesttoniore,niesttemiore,niestteniora,,0,4,0,1
,ehrbeimuflbela,eprpeimuflbela,eprbeimuplbela,eprbeimuflbelu,,1,0,1,3
,oprcheinore,eprcfeinore,eprcheijore,eprcheinole,,0,1,1,0
,odrteabelufl,edrtoabelufl,edrteabemufl,edrteabelufr,,0,2,3,2
,nootmuealbflu,niutmuealbflu,niotmuealpflu,niotmuealbglu,,1,0,3,0
,nidoadlaebulf,nudoedlaebulf,nudoadlaabulf,nudoadlaebumf,,1,2,2,1
,ercaprfluebal,erpoprfluebal,erpaprfmuebal,erpaprfluebaw,,2,0,1,3
,ehabconire,edahconire,edabcowire,edabconiwe,,1,1,1,0
,riofettreino,niofattreino,niofettleino,niofettreina,,0,2,0,2
,ehuoslufleab,eduoflufleab,eduoslafleab,eduosluflaab,,1,2,1,1
,mepatmalebulf,repapmalebulf,repatmaletulf,repatmalebulp,,0,1,3,2
,lutoheaeblluf,nutohaaeblluf,nutoheaebrluf,nutoheaeblruf,,0,3,3,0
,rpiatceuflbale,rpeatdeuflbale,rpeatceoflbale,rpeatceuflbali,,2,2,0,3
,esapwonire,edopwonire,edapwolire,edapwoniro,,1,0,1,1
,nocsuilfublae,nucsoilfublae,nucsuirfublae,nucsuilfuclae,,1,2,0,0
,noeupdrenoi,nioupdrenoi,nieupdrunoi,nieupdrenei,,1,0,1,1
,idadheluflbae,edaddeluflbae,edadheluplbae,edadhelufrbae,,0,2,2,0
,mpeneseballuf,rpemeseballuf,rpenesebulluf,rpenesebalruf,,0,0,2,0
,nabedlbaeflu,nibeslbaeflu,nibedlbaiflu,nibedlbaeflo,,1,2,3,2
,adedeponire,edeteponire,ededepenire,ededeponira,,0,1,0,1
,etgaonoire,edhaonoire,edgaoneire,edgaonoiro,,1,0,1,1
,odersabellfu,edensabellfu,edersagellfu,edersabelyfu,,0,1,1,0
,rpierslaebufl,rpeenslaebufl,rpeersnaebufl,rpeerslaebefl,,2,1,0,0
,oprodhinore,eproshinore,eprodhunore,eprodhinome,,0,1,0,0
,ecafubtlebaflu,edacubtlebaflu,edafubtleboflu,edafubtlebafli,,1,1,3,2
,idrpaonire,edrcaonire,edrpaonore,edrpaoniro,,0,1,2,1
,pewsalbelalfu,persambelalfu,persalbolalfu,persalbelalpu,,2,2,1,1
,nemseoluflaeb,nimsealuflaeb,nimseoluclaeb,nimseolufleeb,,1,3,2,1
,nioocrniore,nuoecrniore,nuoocrniere,nuoocrniori,,1,1,2,1
,noeeyponire,nuoeyponire,nueeypenire,nueeyponiro,,1,0,0,1
orpedehdetlaeb,erpadehdetlaeb,erpedehhetlaeb,erpedehdetmaeb,,0,0,2,0,
wpeedccaolfu,rpeepccaolfu,rpeedccoolfu,rpeedccaowfu,,0,1,2,0,
odperirsabel,edderirsabel,edperiysabel,edperirsabem,,0,0,1,3,
everphteluf,edarphteluf,ederphtoluf,ederphtelus,,1,0,2,2,
runirbenio,nuwirbenio,nunirbinio,nunirbenia,,0,0,2,2,
rfeedumedlfu,rpeadumedlfu,rpeedunedlfu,rpeedumedlhu,,1,0,1,1,
mpeedhameabl,rpeeshameabl,rpeedhareabl,rpeedhameabw,,0,1,2,3,
idnuoohcre,edmuoohcre,ednuoehcre,ednuoohcle,,0,0,1,0,
nenumtmeoni,niyumtmeoni,ninumtmioni,ninumtmeona,,1,0,3,2,
wepniedpealeb,repliedpealeb,repniodpealeb,repniedpeales,,0,0,0,3,
rpiedismblae,rpeesismblae,rpeediswblae,rpeedismtlae,,2,1,2,0,
udniiwhyaebl,edmiiwhyaebl,edniimhyaebl,edniiwhyaedl,,0,0,1,2,
rsenisrire,rpelisrire,rpenisrere,rpenisrira,,1,0,2,1,
needoegoin,nuadoegoin,nuedaegoin,nuedoegoim,,1,0,0,2,
yepnuuthulf,repmuuthulf,repnuuhhulf,repnuuthulh,,0,0,1,2,
nuedhutufl,niechutufl,niedhotufl,niedhutafl,,1,1,1,0,
uprnuhaaabel,eprmuhaaabel,eprnuhoaabel,eprnuhaaagel,,0,0,1,1,
esniyepere,ednoyepere,edniyapere,edniyepera,,1,1,1,1,
esniiwotnoi,ednaiwotnoi,edniiwatnoi,edniiwotnoo,,1,1,2,2,
neeprtheoni,nuevrtheoni,nueprthooni,nueprtheomi,,1,1,2,1,
keredoodluf,perodoodluf,peredootluf,peredoodruf,,0,0,2,0,
epwedhiybale,epridhiybale,epredheybale,epredhiybala,,2,0,1,3,
idrpehiyulf,ednpehiyulf,edrpehilulf,edrpehiyulh,,0,0,2,2,
needfenbael,nuetfenbael,nuedvenbael,nuedfenbaem,,1,1,0,3,
odperdbeino,edderdbeino,edperdbuino,edperdbeilo,,0,0,2,1,
oderpcheino,edempcheino,ederpchuino,ederpcheini,,0,1,2,2,
rpuedoddere,rpeetoddere,rpeedoddare,rpeedoddero,,2,1,3,1,
miedtsteeaelb,niadtsteeaelb,niedtsseeaelb,niedtsteeoelb,,0,0,2,0,
lepnutcare,repnetcare,repnuhcare,repnutcaro,,0,1,0,1,
efnueassre,edneeassre,ednuaassre,ednueassme,,1,1,0,0,
lpeedesicre,rpeesesicre,rpeedesitre,rpeedesicra,,0,1,3,1,
nopernduulf,nicernduulf,niperntuulf,nipernduulp,,1,0,1,2,
neniagpnio,nujiagpnio,nuniappnio,nuniagpneo,,1,0,1,1,
lpeniodfuoni,rpenoodfuoni,rpeniogfuoni,rpeniodfuoyi,,0,1,1,1,
eknuatufbblae,ednaatufbblae,ednuadufbblae,ednuatufbbrae,,1,1,1,1,
wepnuotblbae,repnaotblbae,repnuottlbae,repnuotblbai,,0,1,2,3,
rxeedafcino,rpeetafcino,rpeedifcino,rpeedafcimo,,1,1,0,1,
ipredpetibael,epradpetibael,epredpetebael,epredpetibeel,,0,0,3,1,
naedmfoufl,nuidmfoufl,nuedmdoufl,nuedmfoudl,,1,0,1,1,
yurepmuedino,numepmuedino,nurepmuetino,nurepmuedano,,0,0,3,0,
naerpmtaoin,niorpmtaoin,nierpmteoin,nierpmtaiin,,1,0,2,0,
rueddupeoin,nuiddupeoin,nuedduseoin,nueddupeoon,,0,0,2,1,
noeduhdeelba,nuuduhdeelba,nueduddeelba,nueduhdeemba,,1,0,1,1,
niedorupino,nuecorupino,nuedolupino,nuedorupiwo,,1,1,1,1,
odnuuiscflu,edneuiscflu,ednuiiscflu,ednuuiscfru,,0,1,0,1,
yuedapgre,nuefapgre,nuedatgre,nuedapgme,,0,1,1,0,
rinueblnoi,nineeblnoi,ninuebmnoi,ninueblnai,,0,1,2,1,
ebnitpoire,ednetpoire,ednicpoire,ednitpoime,,1,1,0,0,
adnutmare,edrutmare,ednutmore,ednutmari,,0,0,2,1,
naedleagoni,nuebleagoni,nuedloagoni,nuedleagonu,,1,1,1,2,
ropnuifasebal,repmuifasebal,repnuitasebal,repnuifasebel,,1,0,1,2,
idrepbdiulf,edwepbdiulf,edrephdiulf,edrepbdiumf,,0,0,0,1,
ehnisofseino,edmisofseino,ednisofheino,ednisofseimo,,1,0,3,1,
eppereaplaeb,edtereaplaeb,edperoaplaeb,edpereapwaeb,,1,0,0,0,
adrepmfoluf,edyepmfoluf,edrepmfaluf,edrepmfolef,,0,0,2,1,
epnultomulf,edneltomulf,ednultowulf,ednultomunf,,1,1,3,1,
odrepsecisluf,edmepsecisluf,edrepsecikluf,edrepsecislub,,0,0,4,2,
ripergoare,nisergoare,nipergoore,nipergoame,,0,0,2,0,
odniparre,edneparre,ednipirre,edniparru,,0,1,1,1,
adnuepnre,edneepnre,ednueprre,ednuepnme,,0,1,2,0,
etperehgino,edpirehgino,edperedgino,edperehgono,,1,1,1,0,
idniebdino,edliebdino,ednievdino,edniebdine,,0,0,1,2,
idnutemmelba,edmutemmelba,ednuhemmelba,ednutemmalba,,0,0,0,0,
adnidoahlfu,ednedoahlfu,ednidoohlfu,ednidoahrfu,,0,1,2,0,
adeprtiatboin,edepwtiatboin,edeprtiattoin,edeprtiatboim,,0,2,4,2,
nonioprluf,nurioprluf,nuniopyluf,nunioprlus,,1,0,2,2,
adperlikmre,edparlikmre,edperlekmre,edperlikmro,,0,1,1,1,
nenusoemre,nirusoemre,ninuseemre,ninusoemri,,1,0,1,1,
idnurteluf,ednirteluf,ednumteluf,ednurteluc,,0,1,0,2,
mepnuesnre,repmuesnre,repnuecnre,repnuesnwe,,0,0,1,0,
liedechre,niidechre,niedeccre,niedechme,,0,0,2,0,
etperoefbebla,edpenoefbebla,edperoafbebla,edperoefbesla,,1,2,1,1,
ecnunigeflu,edmunigeflu,ednunegeflu,ednunigetlu,,1,0,1,0,
mepnuiuscoin,repruiuscoin,repnuiescoin,repnuiuscoan,,0,0,1,1,
rapnuomutnoi,repnaomutnoi,repnuorutnoi,repnuomutnoe,,1,1,1,2,
runiomfre,nuneomfre,nunionfre,nuniomfwe,,0,1,1,0,
noperporublae,nupenporublae,nuperporoblae,nuperporuslae,,1,2,3,0,
miedapymnio,niadapymnio,niedapmmnio,niedapymrio,,0,0,2,0,
idnuobrnio,edyuobrnio,ednuocrnio,ednuobrnie,,0,0,1,2,
etnupkoenoi,ednapkoenoi,ednuphoenoi,ednupkoenai,,1,1,1,1,
ecreprotmnio,edraprotmnio,edreprosmnio,edreprotmnie,,1,1,2,2,
fernuetestnoi,perneetestnoi,pernuetastnoi,pernuetestnai,,0,1,2,1,
empedtteanoi,erpettteanoi,erpedttianoi,erpedtteamoi,,1,1,2,0,
naednfonoi,nietnfonoi,niedrfonoi,niednfonei,,1,1,0,1,
lieprdaisoni,niaprdaisoni,nieprdausoni,nieprdaisone,,0,0,2,2,
nonumfonio,ninomfonio,ninuwfonio,ninumfonuo,,1,1,0,1,
epyedoicre,eprodoicre,epredoitre,epredoicra,,2,0,2,1,
empedeimbino,erpadeimbino,erpedeembino,erpedeimbina,,1,0,1,2,
muedtmioni,nuidtmioni,nuedhmioni,nuedtmiowi,,0,0,0,1,
empniboire,erpnuboire,erpniboere,erpniboine,,1,1,2,0,
epmnumreklbea,eprnomreklbea,eprnunreklbea,eprnumrekrbea,,2,1,0,0,
etrephaednoi,edriphaednoi,edrephaodnoi,edrephaednoo,,1,1,2,2,
ehnuataplfu,edruataplfu,ednuadaplfu,ednuataplfo,,1,0,1,2,
riepritmlfu,niepmitmlfu,niepritrlfu,niepritmrfu,,0,2,2,0,
odnityeoin,edyityeoin,ednitleoin,ednityeoim,,0,0,1,2,
mepedethoflu,repodethoflu,repedeghoflu,repedethoflo,,0,0,1,2,
rheedehtilfu,rpeegehtilfu,rpeedohtilfu,rpeedehtilvu,,1,1,0,1,
odrpeobtoin,edrpaobtoin,edrpeobdoin,edrpeobtoan,,0,2,2,1,
wepniddaore,repriddaore,repniddiore,repniddaome,,0,0,2,0,
ehrepohetlfu,ednepohetlfu,edrepogetlfu,edrepohetlhu,,1,0,1,1,
ninimofino,nunomofino,nunimotino,nunimofine,,1,1,2,2,
ersedrevoin,erpadrevoin,erpedmevoin,erpedrevein,,2,0,0,0,
mepediengelba,repehiengelba,repediangelba,repediengelbi,,0,1,1,3,
evperotiwoin,edporotiwoin,edperotowoin,edperotiwein,,1,1,2,0,
adnioyotulf,edmioyotulf,ednioyetulf,ednioyoturf,,0,0,2,1,
jirepirsnio,niredirsnio,nirepimsnio,nirepirsniu,,0,2,1,2,
adnuoibre,ednioibre,ednuoebre,ednuoibme,,0,1,1,0,
ebnuwefufl,edruwefufl,ednuwecufl,ednuwefutl,,1,0,2,1,
neniortaelb,nuriortaelb,nuniowtaelb,nuniortoelb,,1,0,1,0,
piredmmsanio,peradmmsanio,peredmysanio,peredmmsanii,,1,0,1,2,
narepdbiflu,nuropdbiflu,nurepdpiflu,nurepdbifle,,1,1,1,2,
idnirtoino,edyirtoino,ednirteino,ednirtoine,,0,0,2,2,
epperauhelba,edporauhelba,edperaupelba,edperauhemba,,1,1,2,1,
luedoodre,nuetoodre,nuedeodre,nuedoodje,,0,1,0,0,
empedlmehnio,erpodlmehnio,erpedlmepnio,erpedlmehnie,,1,0,3,2,
yieddeaflu,niiddeaflu,niedbeaflu,nieddeaplu,,0,0,0,0,
ehniismre,edmiismre,edniitmre,edniismro,,1,0,1,1,
miperarmhleba,nipirarmhleba,niperalmhleba,niperarmhlebe,,0,1,1,3,
wierpmahroni,niorpmahroni,nierpmihroni,nierpmahrone,,0,0,1,2,
needbiore,niodbiore,niedtiore,niedbione,,1,0,0,0,
miedsmamre,niidsmamre,niedswamre,niedsmamro,,0,0,1,1,
adeprilhufl,edehrilhufl,edepriwhufl,edeprilhufm,,0,1,1,2,
rinuiytoin,nimuiytoin,ninuimtoin,ninuiytoir,,0,0,1,2,
minumofoni,nimumofoni,ninumafoni,ninumofeni,,0,0,1,0,
mierpifrluf,niempifrluf,nierpafrluf,nierpifrlud,,0,1,0,2,
rierphrore,niewphrore,nierphrere,nierphrole,,0,1,2,0,
odnietrlfu,ednaetrlfu,edniotrlfu,ednietrrfu,,0,1,0,0,
nepedtwioebla,repeptwioebla,repedswioebla,repedtwioebma,,0,1,0,2,
esrpehdoaufl,edrsehdoaufl,edrpehdeaufl,edrpehdoaifl,,1,1,2,0,
mirepismleab,niresismleab,nirepisnleab,nirepismweab,,0,2,2,0,
pewnuuydre,perneuydre,pernuiydre,pernuuydro,,2,1,0,1,
retedfriaebl,repudfriaebl,repedtriaebl,repedfrioebl,,2,0,0,0,
arpedesmooni,erpadesmooni,erpedosmooni,erpedesmoeni,,0,0,0,0,
ropniahetebla,repnaahetebla,repniuhetebla,repniahetehla,,1,1,0,1,
rierpudotre,niarpudotre,nierpedotre,nierpudotme,,0,0,0,0,
juedapgre,nuegapgre,nuedatgre,nuedapgri,,0,1,1,1,
eseprtuestleba,edepmtuestleba,edeprtoestleba,edeprtuestliba,,1,2,1,1,
ergnuaedre,erpneaedre,erpnuaehre,erpnuaedri,,2,1,2,1,
noedpthoinio,nuadpthoinio,nuedpthuinio,nuedpthoinii,,1,0,3,2,
efnugbobela,edrugbobela,ednugcobela,ednugbobila,,1,0,1,1,
epjnusoore,eprnasoore,eprnusoere,eprnusooro,,2,1,2,1,
naedmtiblea,nuadmtiblea,nuedmfiblea,nuedmtibloa,,1,0,1,2,
nerepheudnio,nirecheudnio,nirephiudnio,nirepheudnie,,1,2,1,2,
