first,second,condition,root,prefixes,suffixes,word,type,error_to_which_morpheme,i_morpheme,i_within_morpheme,target_letter_before_error,letter_after_error,error_word,is_error,wordlength
propook,propook,pr,pook,pro,,propook,target,r,,1,o,e,propeok,0,7.0
exlon,exlen,pr,lon,ex,,exlon,target,r,,1,o,e,exlen,1,5.0
nugenlasitci,nugenlasitci,prsss,gen,nu,la_sit_ci,nugenlasitci,control,p,0.0,1,u,e,negenlasitci,0,
onnertekviyti,onnertekviyti,pprss,tek,onn_er,vi_yti,onnertekviyti,control,s,0.0,0,v,d,onnertekdiyti,0,
disinramion,disonramion,pprs,ram,dis_in,ion,disinramion,target,p,1.0,0,i,o,disonramion,1,11.0
reimcunable,reimcunable,pprs,cun,re_im,able,reimcunable,target,r,,1,u,o,reimconable,0,11.0
disintauniousness,disintauniousness,pprss,taun,dis_in,ious_ness,disintauniousness,target,p,1.0,1,n,m,disimtauniousness,0,17.0
purtlasim,purtlasim,rss,purt,,la_sim,purtlasim,control,r,,2,r,m,pumtlasim,0,
erptrigcilayl,erptrigcilayl,prsss,trig,erp,ci_la_yl,erptrigcilayl,control,s,1.0,0,l,w,erptrigciwayl,0,
outpras,outpras,pr,pras,out,,outpras,target,p,0.0,0,o,e,eutpras,0,7.0
pookious,pookious,rs,pook,,ious,pookious,target,r,,3,k,d,poodious,0,8.0
nunolilssen,nunolilssen,prss,nol,nu,il_ssen,nunolilssen,control,p,0.0,1,u,o,nonolilssen,0,
demorization,demorization,prsss,mor,de,iz_at_ion,demorization,target,r,,2,r,l,demolization,0,12.0
xenuc,xenuh,pr,nuc,xe,,xenuc,control,r,,2,c,h,xenuh,1,
talcsim,talcpim,rs,talc,,sim,talcsim,control,s,0.0,0,s,p,talcpim,1,
erotutalc,erotudalc,ppr,talc,er_otu,,erotutalc,control,r,,0,t,d,erotudalc,1,
retinlouk,retinlouk,pr,louk,retin,,retinlouk,control,p,0.0,2,t,b,rebinlouk,0,
purtlasitci,purtlasitci,rsss,purt,,la_sit_ci,purtlasitci,control,r,,0,p,t,turtlasitci,0,
krewly,krewlm,rs,krew,,ly,krewly,target,s,0.0,1,y,m,krewlm,1,6.0
triglasitciyl,treglasitciyl,rssss,trig,,la_sit_ci_yl,triglasitciyl,control,r,,2,i,e,treglasitciyl,1,
inramivation,inramivetion,prsss,ram,in,iv_at_ion,inramivation,target,s,1.0,0,a,e,inramivetion,1,12.0
trigla,trisla,rs,trig,,la,trigla,control,r,,3,g,s,trisla,1,
xetec,xetet,pr,tec,xe,,xetec,control,r,,2,c,t,xetet,1,
imcunicablity,imcunicablity,prsss,cun,im,ic_abl_ity,imcunicablity,target,s,1.0,1,b,t,imcunicatlity,0,13.0
inket,inket,pr,ket,in,,inket,target,p,0.0,1,n,l,ilket,0,5.0
sidnitalcnat,sidnitalcnat,pprs,talc,sid_ni,nat,sidnitalcnat,control,p,1.0,1,i,e,sidnetalcnat,0,
dobulfyl,dotulfyl,rss,dob,,ulf_yl,dobulfyl,control,r,,2,b,t,dotulfyl,1,
keirfully,keirfully,rss,keir,,ful_ly,keirfully,target,r,,3,r,y,keiyfully,0,9.0
ednuclazitanoi,ednuclazitanoi,prssss,nuc,ed,la_zi_ta_noi,ednuclazitanoi,control,p,0.0,0,e,a,adnuclazitanoi,0,
ermarla,ermarla,prs,mar,er,la,ermarla,control,r,,0,m,w,erwarla,0,
darfment,darfment,rs,darf,,ment,darfment,target,s,0.0,2,n,m,darfmemt,0,8.0
dobtan,kobtan,rs,dob,,tan,dobtan,control,r,,0,d,k,kobtan,1,
negal,wegal,rs,neg,,al,negal,target,r,,0,n,w,wegal,1,5.0
dobnemtlasim,dobnemtlasim,rsss,dob,,nemt_la_sim,dobnemtlasim,control,r,,1,o,u,dubnemtlasim,0,
nuteksitcilayl,muteksitcilayl,prssss,tek,nu,sit_ci_la_yl,nuteksitcilayl,control,p,0.0,0,n,m,muteksitcilayl,1,
outpontishly,outpontishly,prss,pont,out,ish_ly,outpontishly,target,r,,2,n,y,outpoytishly,0,12.0
sidninoloniyar,sidninoloniyar,pprss,nol,sid_ni,oni_yar,sidninoloniyar,control,s,0.0,0,o,a,sidninolaniyar,0,
sidnicolgoniyar,sidnicolgoniyar,pprss,colg,sid_ni,oni_yar,sidnicolgoniyar,control,p,0.0,2,d,s,sisnicolgoniyar,0,
sidniloukouisyl,sidnaloukouisyl,pprss,louk,sid_ni,ouis_yl,sidniloukouisyl,control,p,1.0,1,i,a,sidnaloukouisyl,1,
soomically,soomically,rsss,soom,,ic_al_ly,soomically,target,s,1.0,1,l,m,soomicamly,0,10.0
ersidnaut,ersidnaut,ppr,naut,er_sid,,ersidnaut,control,r,,2,u,e,ersidnaet,0,
meerion,meerion,rs,meer,,ion,meerion,target,r,,3,r,l,meelion,0,7.0
decunalization,decunalization,prssss,cun,de,al_iz_at_ion,decunalization,target,r,,1,u,i,decinalization,0,14.0
rieknemtlayl,rieknemtlayl,rsss,riek,,nemt_la_yl,rieknemtlayl,control,s,1.0,0,l,m,rieknemtmayl,0,
tekisousens,tekisousens,rss,tek,,isou_sens,tekisousens,control,r,,2,k,g,tegisousens,0,
neillatiy,neimlatiy,rss,neil,,la_tiy,neillatiy,control,r,,3,l,m,neimlatiy,1,
reinneg,reinneg,ppr,neg,re_in,,reinneg,target,r,,0,n,l,reinleg,0,7.0
redekrewment,redekrewmenh,pprs,krew,re_de,ment,redekrewment,target,s,0.0,3,t,h,redekrewmenh,1,12.0
edfradtanoialsim,edfradtanoialsim,prssss,frad,ed,ta_noi_al_sim,edfradtanoialsim,control,p,0.0,1,d,h,ehfradtanoialsim,0,
edtalczitaino,edtelczitaino,prsss,talc,ed,zi_ta_ino,edtalczitaino,control,r,,1,a,e,edtelczitaino,1,
koulmentalism,koalmentalism,rsss,koul,,ment_al_ism,koulmentalism,target,r,,2,u,a,koalmentalism,1,13.0
nutalcsitcilayl,nutalbsitcilayl,prssss,talc,nu,sit_ci_la_yl,nutalcsitcilayl,control,r,,3,c,b,nutalbsitcilayl,1,
dobisou,cobisou,rs,dob,,isou,dobisou,control,r,,0,d,c,cobisou,1,
nusimnucbaly,nusimnucbaly,pprss,nuc,nu_sim,bal_y,nusimnucbaly,control,s,0.0,0,b,s,nusimnucsaly,0,
nusimmarbaly,nusimmarbaly,pprss,mar,nu_sim,bal_y,nusimmarbaly,control,s,1.0,0,y,r,nusimmarbalr,0,
onnnautla,onnnautle,prs,naut,onn,la,onnnautla,control,s,0.0,1,a,e,onnnautle,1,
nunuctanoilayl,nunuctanoilayl,prssss,nuc,nu,ta_noi_la_yl,nunuctanoilayl,control,r,,2,c,s,nunustanoilayl,0,
procunion,procunion,prs,cun,pro,ion,procunion,target,p,0.0,0,p,s,srocunion,0,9.0
reincunance,reincunance,pprs,cun,re_in,ance,reincunance,target,r,,1,u,i,reincinance,0,11.0
reimdrunable,reimdrunable,pprs,drun,re_im,able,reimdrunable,target,s,0.0,0,a,e,reimdruneble,0,12.0
nonkrewically,nowkrewically,prsss,krew,non,ic_al_ly,nonkrewically,target,p,0.0,2,n,w,nowkrewically,1,13.0
orpnauteviyl,orpnauteviyl,prss,naut,orp,evi_yl,orpnauteviyl,control,s,1.0,0,y,r,orpnautevirl,0,
prasistic,prasistic,rss,pras,,ist_ic,prasistic,target,r,,0,p,k,krasistic,0,9.0
indisreamity,indisreamity,pprs,ream,in_dis,ity,indisreamity,target,r,,3,m,l,indisreality,0,12.0
siwlasitciyl,siwlasitcirl,rssss,siw,,la_sit_ci_yl,siwlasitciyl,control,s,3.0,0,y,r,siwlasitcirl,1,
meeristic,meeristic,rss,meer,,ist_ic,meeristic,target,s,1.0,0,i,e,meeristec,0,9.0
erpmearcilayl,erpmearcilayl,prsss,mear,erp,ci_la_yl,erpmearcilayl,control,s,0.0,1,i,e,erpmearcelayl,0,
bodism,bodidm,rs,bod,,ism,bodism,target,s,0.0,1,s,d,bodidm,1,6.0
sidninolnat,sidyinolnat,pprs,nol,sid_ni,nat,sidninolnat,control,p,1.0,0,n,y,sidyinolnat,1,
koulationalist,koulationalist,rssss,koul,,at_ion_al_ist,koulationalist,target,r,,0,k,t,toulationalist,0,14.0
indisgeedity,indisgeodity,pprs,geed,in_dis,ity,indisgeedity,target,r,,2,e,o,indisgeodity,1,12.0
interclat,inferclat,pr,clat,inter,,interclat,target,p,0.0,2,t,f,inferclat,1,9.0
uncetalisticly,uncetalistihly,prssss,cet,un,al_ist_ic_ly,uncetalisticly,target,s,2.0,1,c,h,uncetalistihly,1,14.0
sidnimoosouisyl,sidnimoosouisyl,pprss,moos,sid_ni,ouis_yl,sidnimoosouisyl,control,p,0.0,0,s,d,didnimoosouisyl,0,
riekoni,riekoni,rs,riek,,oni,riekoni,control,s,0.0,0,o,u,riekuni,0,
progirt,progart,pr,girt,pro,,progirt,target,r,,1,i,a,progart,1,7.0
noltainolayl,nortainolayl,rssss,nol,,ta_ino_la_yl,noltainolayl,control,r,,2,l,r,nortainolayl,1,
reincun,reincun,ppr,cun,re_in,,reincun,target,p,1.0,1,n,y,reiycun,0,7.0
disempont,disempont,ppr,pont,dis_em,,disempont,target,p,1.0,1,m,r,diserpont,0,9.0
edneiltanoialsim,edneiltanoialsim,prssss,neil,ed,ta_noi_al_sim,edneiltanoialsim,control,r,,1,e,o,ednoiltanoialsim,0,
niteceviyl,niteceviyl,prss,tec,ni,evi_yl,niteceviyl,control,p,0.0,1,i,e,neteceviyl,0,
pregirtablly,pregiwtablly,prss,girt,pre,abl_ly,pregirtablly,target,r,,2,r,w,pregiwtablly,1,12.0
nuctainolasim,nuctainolasim,rssss,nuc,,ta_ino_la_sim,nuctainolasim,control,s,2.0,0,l,m,nuctainomasim,0,
outmeer,outmeer,pr,meer,out,,outmeer,target,r,,0,m,l,outleer,0,7.0
mor,mor,r,mor,,,mor,target,r,,0,m,y,yor,0,3.0
talccilayl,talccilayl,rsss,talc,,ci_la_yl,talccilayl,control,r,,1,a,e,telccilayl,0,
teakfully,teakfuwly,rss,teak,,ful_ly,teakfully,target,s,0.0,2,l,w,teakfuwly,1,9.0
unlonional,unlonional,prss,lon,un,ion_al,unlonional,target,s,1.0,0,a,i,unlonionil,0,10.0
demorationalism,delorationalism,prssss,mor,de,at_ion_al_ism,demorationalism,target,r,,0,m,l,delorationalism,1,15.0
taunmentally,taunmentally,rsss,taun,,ment_al_ly,taunmentally,target,r,,2,u,i,tainmentally,0,12.0
darf,darb,r,darf,,,darf,target,r,,3,f,b,darb,1,4.0
sidnicolgoniyar,sidnicongoniyar,pprss,colg,sid_ni,oni_yar,sidnicolgoniyar,control,r,,2,l,n,sidnicongoniyar,1,
nusimsiwelba,nusimsiwelba,pprs,siw,nu_sim,elba,nusimsiwelba,control,p,0.0,1,u,e,nesimsiwelba,0,
edfradlazitanoi,edfradlozitanoi,prssss,frad,ed,la_zi_ta_noi,edfradlazitanoi,control,s,0.0,1,a,o,edfradlozitanoi,1,
dereamization,dereamization,prsss,ream,de,iz_at_ion,dereamization,target,s,2.0,2,n,r,dereamizatior,0,13.0
clatiousness,clatiousness,rss,clat,,ious_ness,clatiousness,target,s,0.0,2,u,e,clatioesness,0,12.0
nurdcilayl,nurdcilayl,rsss,nurd,,ci_la_yl,nurdcilayl,control,r,,1,u,e,nerdcilayl,0,
nudobluf,ludobluf,prs,dob,nu,luf,nudobluf,control,p,0.0,0,n,l,ludobluf,1,
nolcila,rolcila,rss,nol,,ci_la,nolcila,control,r,,0,n,r,rolcila,1,
unkrewliness,unkrewwiness,prss,krew,un,li_ness,unkrewliness,target,s,0.0,0,l,w,unkrewwiness,1,12.0
disinketant,disinketant,pprs,ket,dis_in,ant,disinketant,target,s,0.0,2,t,x,disinketanx,0,11.0
nusimdobbaly,nusimdobbaly,pprss,dob,nu_sim,bal_y,nusimdobbaly,control,r,,0,d,t,nusimtobbaly,0,
werkulf,werkulf,rs,werk,,ulf,werkulf,control,s,0.0,0,u,a,werkalf,0,
koulistic,koulittic,rss,koul,,ist_ic,koulistic,target,s,0.0,1,s,t,koulittic,1,9.0
louksit,louksit,rs,louk,,sit,louksit,control,s,0.0,0,s,h,loukhit,0,
kooptan,koeptan,rs,koop,,tan,kooptan,control,r,,2,o,e,koeptan,1,
otudeeg,otudeet,pr,deeg,otu,,otudeeg,control,r,,3,g,t,otudeet,1,
nunuctanoilayl,nunuctanoilayl,prssss,nuc,nu,ta_noi_la_yl,nunuctanoilayl,control,r,,1,u,i,nunictanoilayl,0,
erninautnemt,erninautnemt,pprs,naut,er_ni,nemt,erninautnemt,control,p,1.0,0,n,m,erminautnemt,0,
sidnikoopouisyl,sidnikuopouisyl,pprss,koop,sid_ni,ouis_yl,sidnikoopouisyl,control,r,,1,o,u,sidnikuopouisyl,1,
teknemtlayl,teknemtlayl,rsss,tek,,nemt_la_yl,teknemtlayl,control,r,,0,t,f,feknemtlayl,0,
keiror,keirow,rs,keir,,or,keiror,target,s,0.0,1,r,w,keirow,1,6.0
selbeta,selbeta,rs,selb,,eta,selbeta,control,s,0.0,0,e,a,selbata,0,
louklasitciyl,louklasitciyl,rssss,louk,,la_sit_ci_yl,louklasitciyl,control,r,,0,l,m,mouklasitciyl,0,
disbodion,didbodion,prs,bod,dis,ion,disbodion,target,p,0.0,2,s,d,didbodion,1,9.0
clatalist,clatarist,rss,clat,,al_ist,clatalist,target,s,0.0,1,l,r,clatarist,1,9.0
nimearnoilayl,nimearnoileyl,prsss,mear,ni,noi_la_yl,nimearnoilayl,control,s,1.0,1,a,e,nimearnoileyl,1,
debelsalization,dabelsalization,prssss,bels,de,al_iz_at_ion,debelsalization,target,p,0.0,1,e,a,dabelsalization,1,15.0
reinlien,reinlien,ppr,lien,re_in,,reinlien,target,p,0.0,0,r,m,meinlien,0,8.0
nunurdsitcilayl,nunurdsitcilayl,prssss,nurd,nu,sit_ci_la_yl,nunurdsitcilayl,control,s,0.0,2,t,g,nunurdsigcilayl,0,
incunively,incunively,prss,cun,in,ive_ly,incunively,target,s,1.0,0,l,y,incuniveyy,0,10.0
dismorful,dismorful,prs,mor,dis,ful,dismorful,target,s,0.0,0,f,d,dismordul,0,9.0
miloukcilbatiy,milouktilbatiy,prsss,louk,mi,ci_lba_tiy,miloukcilbatiy,control,s,0.0,0,c,t,milouktilbatiy,1,
keattainolasim,kaattainolasim,rssss,keat,,ta_ino_la_sim,keattainolasim,control,r,,1,e,a,kaattainolasim,1,
lonance,lonance,rs,lon,,ance,lonance,target,r,,1,o,a,lanance,0,7.0
pontationalism,ponhationalism,rssss,pont,,at_ion_al_ism,pontationalism,target,r,,3,t,h,ponhationalism,1,14.0
inlonivation,inlonivation,prsss,lon,in,iv_at_ion,inlonivation,target,r,,1,o,e,inlenivation,0,12.0
taunationalist,taunationalist,rssss,taun,,at_ion_al_ist,taunationalist,target,s,3.0,0,i,e,taunationalest,0,14.0
reinglocment,reinglohment,pprs,gloc,re_in,ment,reinglocment,target,r,,3,c,h,reinglohment,1,12.0
lienant,mienant,rs,lien,,ant,lienant,target,r,,0,l,m,mienant,1,7.0
overdarfive,overdarfiva,prs,darf,over,ive,overdarfive,target,s,0.0,2,e,a,overdarfiva,1,11.0
numearilssen,numearilssen,prss,mear,nu,il_ssen,numearilssen,control,p,0.0,1,u,a,namearilssen,0,
erreemeta,erreemeta,prs,reem,er,eta,erreemeta,control,p,0.0,1,r,n,enreemeta,0,
unpontful,unpontful,prs,pont,un,ful,unpontful,target,p,0.0,1,n,m,umpontful,0,9.0
remisclat,remisclat,ppr,clat,re_mis,,remisclat,target,p,0.0,0,r,w,wemisclat,0,9.0
darfationally,darfationally,rssss,darf,,at_ion_al_ly,darfationally,target,s,3.0,0,l,w,darfationalwy,0,13.0
disinkouliousness,disinkoulioosness,pprss,koul,dis_in,ious_ness,disinkouliousness,target,s,0.0,2,u,o,disinkoulioosness,1,17.0
edsarplazitanoi,edsarplazitanoi,prssss,sarp,ed,la_zi_ta_noi,edsarplazitanoi,control,r,,1,a,i,edsirplazitanoi,0,
reimlienable,reimlienable,pprs,lien,re_im,able,reimlienable,target,p,0.0,1,e,i,riimlienable,0,12.0
reinreamance,reinreamance,pprs,ream,re_in,ance,reinreamance,target,s,0.0,2,c,t,reinreamante,0,12.0
reamally,reamally,rss,ream,,al_ly,reamally,target,r,,0,r,m,meamally,0,8.0
edkooptanoialsim,udkooptanoialsim,prssss,koop,ed,ta_noi_al_sim,edkooptanoialsim,control,p,0.0,0,e,u,udkooptanoialsim,1,
premisneg,premisnef,ppr,neg,pre_mis,,premisneg,target,r,,2,g,f,premisnef,1,9.0
neilsitci,neilsitca,rss,neil,,sit_ci,neilsitci,control,s,1.0,1,i,a,neilsitca,1,
repsimfrad,repsimfrad,ppr,frad,rep_sim,,repsimfrad,control,p,0.0,2,p,s,ressimfrad,0,
toumofhisyl,toumafhisyl,prss,mof,tou,his_yl,toumofhisyl,control,r,,1,o,a,toumafhisyl,1,
soomant,soomant,rs,soom,,ant,soomant,target,s,0.0,2,t,c,soomanc,0,7.0
sidnimoosnat,sidnimoosmat,pprs,moos,sid_ni,nat,sidnimoosnat,control,s,0.0,0,n,m,sidnimoosmat,1,
lonmental,lonmentar,rss,lon,,ment_al,lonmental,target,s,1.0,1,l,r,lonmentar,1,9.0
nimaryti,nimaryti,prs,mar,ni,yti,nimaryti,control,p,0.0,0,n,r,rimaryti,0,
miromcilayl,mimomcilayl,prsss,rom,mi,ci_la_yl,miromcilayl,control,r,,0,r,m,mimomcilayl,1,
reouttaun,reouttaun,ppr,taun,re_out,,reouttaun,target,r,,0,t,d,reoutdaun,0,9.0
neilisousens,neilisousens,rss,neil,,isou_sens,neilisousens,control,r,,1,e,o,noilisousens,0,
purtnemtlasim,partnemtlasim,rsss,purt,,nemt_la_sim,purtnemtlasim,control,r,,1,u,a,partnemtlasim,1,
edkooplazitanoi,edkeoplazitanoi,prssss,koop,ed,la_zi_ta_noi,edkooplazitanoi,control,r,,1,o,e,edkeoplazitanoi,1,
reinmor,reinmor,ppr,mor,re_in,,reinmor,target,r,,2,r,w,reinmow,0,7.0
interpont,interpolt,pr,pont,inter,,interpont,target,r,,2,n,l,interpolt,1,9.0
nonfomically,nonsomically,prsss,fom,non,ic_al_ly,nonfomically,target,r,,0,f,s,nonsomically,1,12.0
nucolgluf,nucolglef,prs,colg,nu,luf,nucolgluf,control,s,0.0,1,u,e,nucolglef,1,
erminucelba,ermimucelba,pprs,nuc,er_mi,elba,erminucelba,control,r,,0,n,m,ermimucelba,1,
meerationally,moerationally,rssss,meer,,at_ion_al_ly,meerationally,target,r,,1,e,o,moerationally,1,13.0
geedance,geedance,rs,geed,,ance,geedance,target,r,,1,e,a,gaedance,0,8.0
untaunful,untaunful,prs,taun,un,ful,untaunful,target,p,0.0,0,u,i,intaunful,0,9.0
ernisarp,ewnisarp,ppr,sarp,er_ni,,ernisarp,control,p,0.0,1,r,w,ewnisarp,1,
dispontableness,bispontableness,prss,pont,dis,able_ness,dispontableness,target,p,0.0,0,d,b,bispontableness,1,15.0
unglocationally,unglocationally,prssss,gloc,un,at_ion_al_ly,unglocationally,target,s,3.0,0,l,r,unglocationalry,0,15.0
ernicolg,ernicolg,ppr,colg,er_ni,,ernicolg,control,r,,1,o,e,ernicelg,0,
negically,negically,rsss,neg,,ic_al_ly,negically,target,r,,0,n,r,regically,0,9.0
ernitek,erniteh,ppr,tek,er_ni,,ernitek,control,r,,2,k,h,erniteh,1,
colgtainolasit,colgtainolesit,rssss,colg,,ta_ino_la_sit,colgtainolasit,control,s,2.0,1,a,e,colgtainolesit,1,
reimpookable,reimpookable,pprs,pook,re_im,able,reimpookable,target,p,0.0,1,e,i,riimpookable,0,12.0
disinramionary,disinmamionary,pprss,ram,dis_in,ion_ary,disinramionary,target,r,,0,r,m,disinmamionary,1,14.0
krewically,klewically,rsss,krew,,ic_al_ly,krewically,target,r,,1,r,l,klewically,1,10.0
erkeateta,irkeateta,prs,keat,er,eta,erkeateta,control,p,0.0,0,e,i,irkeateta,1,
nuctainolayl,nuctainomayl,rssss,nuc,,ta_ino_la_yl,nuctainolayl,control,s,2.0,0,l,m,nuctainomayl,1,
ermiromelba,ermiromelba,pprs,rom,er_mi,elba,ermiromelba,control,s,0.0,1,l,r,ermiromerba,0,
nikoopyti,nikoopyti,prs,koop,ni,yti,nikoopyti,control,r,,3,p,h,nikoohyti,0,
koulfulness,koulfulness,rss,koul,,ful_ness,koulfulness,target,r,,0,k,h,houlfulness,0,11.0
nufradonila,nufradonila,prss,frad,nu,oni_la,nufradonila,control,p,0.0,0,n,w,wufradonila,0,
ungirtliness,ungirtliness,prss,girt,un,li_ness,ungirtliness,target,s,0.0,0,l,r,ungirtriness,0,12.0
unmiscetable,unmiscetable,pprs,cet,un_mis,able,unmiscetable,target,p,0.0,1,n,m,ummiscetable,0,12.0
trupalistic,tropalistic,rsss,trup,,al_ist_ic,trupalistic,target,r,,2,u,o,tropalistic,1,11.0
louklasitci,louslasitci,rsss,louk,,la_sit_ci,louklasitci,control,r,,3,k,s,louslasitci,1,
girtistically,girtistically,rssss,girt,,ist_ic_al_ly,girtistically,target,r,,3,t,b,girbistically,0,13.0
unbelsistically,unbelsistically,prssss,bels,un,ist_ic_al_ly,unbelsistically,target,r,,1,e,a,unbalsistically,0,15.0
darfmental,darfmentul,rss,darf,,ment_al,darfmental,target,s,1.0,0,a,u,darfmentul,1,10.0
nisidlouktiy,nisidlouktiy,pprs,louk,ni_sid,tiy,nisidlouktiy,control,s,0.0,2,y,w,nisidlouktiw,0,
ermear,ermeir,pr,mear,er,,ermear,control,r,,2,a,i,ermeir,1,
dobenca,dobenca,rs,dob,,enca,dobenca,control,s,0.0,3,a,o,dobenco,0,
sidriekulf,sidriekulf,prs,riek,sid,ulf,sidriekulf,control,s,0.0,1,l,m,sidriekumf,0,
sidnitecnat,bidnitecnat,pprs,tec,sid_ni,nat,sidnitecnat,control,p,0.0,0,s,b,bidnitecnat,1,
nineiltanoi,mineiltanoi,prss,neil,ni,ta_noi,nineiltanoi,control,p,0.0,0,n,m,mineiltanoi,1,
nunurdsitci,munurdsitci,prss,nurd,nu,sit_ci,nunurdsitci,control,p,0.0,0,n,m,munurdsitci,1,
disinnegant,disinregant,pprs,neg,dis_in,ant,disinnegant,target,r,,0,n,r,disinregant,1,11.0
rammentally,rammentally,rsss,ram,,ment_al_ly,rammentally,target,r,,0,r,l,lammentally,0,11.0
nuteconila,muteconila,prss,tec,nu,oni_la,nuteconila,control,p,0.0,0,n,m,muteconila,1,
ninoleviyl,nimoleviyl,prss,nol,ni,evi_yl,ninoleviyl,control,r,,0,n,m,nimoleviyl,1,
erptonpbalyl,erptonpbalyl,prss,tonp,erp,bal_yl,erptonpbalyl,control,s,1.0,1,l,y,erptonpbalyy,0,
numartanoila,numartanoila,prsss,mar,nu,ta_noi_la,numartanoila,control,s,2.0,0,l,y,numartanoiya,0,
fommentalism,fomwentalism,rsss,fom,,ment_al_ism,fommentalism,target,s,0.0,0,m,w,fomwentalism,1,12.0
deegsitci,diegsitci,rss,deeg,,sit_ci,deegsitci,control,r,,1,e,i,diegsitci,1,
romcilayl,nomcilayl,rsss,rom,,ci_la_yl,romcilayl,control,r,,0,r,n,nomcilayl,1,
sidnitekouisyl,sidnitekouisyn,pprss,tek,sid_ni,ouis_yl,sidnitekouisyl,control,s,1.0,1,l,n,sidnitekouisyn,1,
unglocically,umglocically,prsss,gloc,un,ic_al_ly,unglocically,target,p,0.0,1,n,m,umglocically,1,12.0
nunucssen,nunuctsen,prs,nuc,nu,ssen,nunucssen,control,s,0.0,0,s,t,nunuctsen,1,
deegnemtlayl,deegnemtlayl,rsss,deeg,,nemt_la_yl,deegnemtlayl,control,s,0.0,0,n,r,deegremtlayl,0,
mearro,mearre,rs,mear,,ro,mearro,control,s,0.0,1,o,e,mearre,1,
imglocicablity,imglocicablity,prsss,gloc,im,ic_abl_ity,imglocicablity,target,s,1.0,0,a,i,imglociciblity,0,14.0
eddeeglazitanoi,eddeeglazitanei,prssss,deeg,ed,la_zi_ta_noi,eddeeglazitanoi,control,s,3.0,1,o,e,eddeeglazitanei,1,
prasically,prasically,rsss,pras,,ic_al_ly,prasically,target,s,0.0,1,c,p,prasipally,0,10.0
inreamation,inriamation,prss,ream,in,at_ion,inreamation,target,r,,1,e,i,inriamation,1,11.0
unketional,umketional,prss,ket,un,ion_al,unketional,target,p,0.0,1,n,m,umketional,1,10.0
talculfsens,talcumfsens,rss,talc,,ulf_sens,talculfsens,control,s,0.0,1,l,m,talcumfsens,1,
disinmeerionary,disinmeeraonary,pprss,meer,dis_in,ion_ary,disinmeerionary,target,s,0.0,0,i,a,disinmeeraonary,1,15.0
pookistic,pookistic,rss,pook,,ist_ic,pookistic,target,r,,2,o,e,poekistic,0,9.0
deeg,deeg,r,deeg,,,deeg,control,r,,0,d,t,teeg,0,
belsmentalism,belsmentalism,rsss,bels,,ment_al_ism,belsmentalism,target,r,,2,l,n,bensmentalism,0,13.0
simkeatoru,simkeatore,prs,keat,sim,oru,simkeatoru,control,s,0.0,2,u,e,simkeatore,1,
deegeta,veegeta,rs,deeg,,eta,deegeta,control,r,,0,d,v,veegeta,1,
wisical,widical,rss,wis,,ic_al,wisical,target,r,,2,s,d,widical,1,7.0
nuclayl,nuclayl,rss,nuc,,la_yl,nuclayl,control,s,1.0,1,l,y,nuclayy,0,
nemof,nimof,pr,mof,ne,,nemof,control,p,0.0,1,e,i,nimof,1,
unreamness,unreamness,prs,ream,un,ness,unreamness,target,p,0.0,1,n,y,uyreamness,0,10.0
nuneiltasitciyl,nuneiltasitciyl,prssss,neil,nu,ta_sit_ci_yl,nuneiltasitciyl,control,r,,0,n,r,nureiltasitciyl,0,
geedmentally,geedmentalyy,rsss,geed,,ment_al_ly,geedmentally,target,s,2.0,0,l,y,geedmentalyy,1,12.0
repsidtec,rapsidtec,ppr,tec,rep_sid,,repsidtec,control,p,0.0,1,e,a,rapsidtec,1,
cunationalist,cinationalist,rssss,cun,,at_ion_al_ist,cunationalist,target,r,,1,u,i,cinationalist,1,13.0
inpontivation,inpontivation,prsss,pont,in,iv_at_ion,inpontivation,target,s,2.0,2,n,y,inpontivatioy,0,13.0
ernifrad,ermifrad,ppr,frad,er_ni,,ernifrad,control,p,1.0,0,n,m,ermifrad,1,
unlonistically,enlonistically,prssss,lon,un,ist_ic_al_ly,unlonistically,target,p,0.0,0,u,e,enlonistically,1,14.0
unsoomalisticly,unsoonalisticly,prssss,soom,un,al_ist_ic_ly,unsoomalisticly,target,r,,3,m,n,unsoonalisticly,1,15.0
pontationally,contationally,rssss,pont,,at_ion_al_ly,pontationally,target,r,,0,p,c,contationally,1,13.0
nusimmarbaly,nusimmerbaly,pprss,mar,nu_sim,bal_y,nusimmarbaly,control,r,,1,a,e,nusimmerbaly,1,
genla,genla,rs,gen,,la,genla,control,s,0.0,0,l,m,genma,0,
disinteakionary,disinteakionary,pprss,teak,dis_in,ion_ary,disinteakionary,target,p,0.0,1,i,o,dosinteakionary,0,15.0
sidnikoopsioussen,sidnikoepsioussen,pprss,koop,sid_ni,siou_ssen,sidnikoopsioussen,control,r,,2,o,e,sidnikoepsioussen,1,
cuniousness,cuniouvness,rss,cun,,ious_ness,cuniousness,target,s,0.0,3,s,v,cuniouvness,1,11.0
numofonila,numefonila,prss,mof,nu,oni_la,numofonila,control,r,,1,o,e,numefonila,1,
krewalisticly,krewalisticly,rssss,krew,,al_ist_ic_ly,krewalisticly,target,r,,3,w,m,kremalisticly,0,13.0
nitecvitaino,nitecvitaino,prsss,tec,ni,vi_ta_ino,nitecvitaino,control,s,1.0,1,a,i,nitecvitiino,0,
onnerselbviyti,onnerselbvoyti,pprss,selb,onn_er,vi_yti,onnerselbviyti,control,s,0.0,1,i,o,onnerselbvoyti,1,
nonrepookivity,nonrepookivity,pprss,pook,non_re,iv_ity,nonrepookivity,target,s,0.0,1,v,f,nonrepookifity,0,14.0
trignemtlayl,trignemtlayl,rsss,trig,,nemt_la_yl,trignemtlayl,control,s,1.0,0,l,r,trignemtrayl,0,
prasmentally,krasmentally,rsss,pras,,ment_al_ly,prasmentally,target,r,,0,p,k,krasmentally,1,12.0
enkrew,enkrew,pr,krew,en,,enkrew,target,p,0.0,1,n,r,erkrew,0,6.0
nonrekeirivity,nonrekeirivity,pprss,keir,non_re,iv_ity,nonrekeirivity,target,r,,1,e,a,nonrekairivity,0,14.0
eredfrad,ewedfrad,ppr,frad,er_ed,,eredfrad,control,p,0.0,1,r,w,ewedfrad,1,
nuctainolayl,noctainolayl,rssss,nuc,,ta_ino_la_yl,nuctainolayl,control,r,,1,u,o,noctainolayl,1,
mear,meam,r,mear,,,mear,control,r,,3,r,m,meam,1,
wis,wis,r,wis,,,wis,target,r,,2,s,k,wik,0,3.0
nurdnemtlasim,nurdnemtlisim,rsss,nurd,,nemt_la_sim,nurdnemtlasim,control,s,1.0,1,a,i,nurdnemtlisim,1,
erpnaut,erpnaut,pr,naut,erp,,erpnaut,control,p,0.0,0,e,u,urpnaut,0,
mearyl,mearyy,rs,mear,,yl,mearyl,control,s,0.0,1,l,y,mearyy,1,
nutrig,nutrig,pr,trig,nu,,nutrig,control,r,,0,t,d,nudrig,0,
nigennoilayl,nigennoileyl,prsss,gen,ni,noi_la_yl,nigennoilayl,control,s,1.0,1,a,e,nigennoileyl,1,
riektainolasim,riektainelasim,rssss,riek,,ta_ino_la_sim,riektainolasim,control,s,1.0,2,o,e,riektainelasim,1,
sidmetrig,sidmetwig,ppr,trig,sid_me,,sidmetrig,control,r,,1,r,w,sidmetwig,1,
retinwerk,retinwelk,pr,werk,retin,,retinwerk,control,r,,2,r,l,retinwelk,1,
ernidob,ernidob,ppr,dob,er_ni,,ernidob,control,p,0.0,0,e,a,arnidob,0,
rediscet,redascet,ppr,cet,re_dis,,rediscet,target,p,1.0,1,i,a,redascet,1,8.0
nusimriekelba,nesimriekelba,pprs,riek,nu_sim,elba,nusimriekelba,control,p,0.0,1,u,e,nesimriekelba,1,
keattan,keattan,rs,keat,,tan,keattan,control,s,0.0,2,n,r,keattar,0,
detaunationalism,tetaunationalism,prssss,taun,de,at_ion_al_ism,detaunationalism,target,p,0.0,0,d,t,tetaunationalism,1,16.0
nonkrewively,nonkrewevely,prss,krew,non,ive_ly,nonkrewively,target,s,0.0,0,i,e,nonkrewevely,1,12.0
redrun,redrum,pr,drun,re,,redrun,target,r,,3,n,m,redrum,1,6.0
unmismeerably,unmismeelably,pprss,meer,un_mis,abl_y,unmismeerably,target,r,,3,r,l,unmismeelably,1,13.0
mearenca,yearenca,rs,mear,,enca,mearenca,control,r,,0,m,y,yearenca,1,
inbelsivate,inbelsivate,prss,bels,in,iv_ate,inbelsivate,target,p,0.0,1,n,r,irbelsivate,0,11.0
prowisively,prowisively,prss,wis,pro,ive_ly,prowisively,target,r,,0,w,r,prorisively,0,11.0
unmisglocably,unmisglocablr,pprss,gloc,un_mis,abl_y,unmisglocably,target,s,1.0,0,y,r,unmisglocablr,1,13.0
siwulfsens,siwulfsens,rss,siw,,ulf_sens,siwulfsens,control,r,,0,s,t,tiwulfsens,0,
glocmentalism,glicmentalism,rsss,gloc,,ment_al_ism,glocmentalism,target,r,,2,o,i,glicmentalism,1,13.0
uncetationally,ungetationally,prssss,cet,un,at_ion_al_ly,uncetationally,target,r,,0,c,g,ungetationally,1,14.0
nuromlasitci,nurommasitci,prsss,rom,nu,la_sit_ci,nuromlasitci,control,s,0.0,0,l,m,nurommasitci,1,
orplouk,orclouk,pr,louk,orp,,orplouk,control,p,0.0,2,p,c,orclouk,1,
demeerationalism,demeerationalism,prssss,meer,de,at_ion_al_ism,demeerationalism,target,r,,2,e,a,demearationalism,0,16.0
ketationally,ketationally,rssss,ket,,at_ion_al_ly,ketationally,target,s,0.0,1,t,c,ketacionally,0,12.0
unmisgirtably,unmisgirtably,pprss,girt,un_mis,abl_y,unmisgirtably,target,p,0.0,0,u,a,anmisgirtably,0,13.0
sidtrigelbassen,sedtrigelbassen,prss,trig,sid,elba_ssen,sidtrigelbassen,control,p,0.0,1,i,e,sedtrigelbassen,1,
pookiousness,pookiousness,rss,pook,,ious_ness,pookiousness,target,r,,0,p,c,cookiousness,0,12.0
glocless,glacless,rs,gloc,,less,glocless,target,r,,2,o,a,glacless,1,8.0
redeketment,redeketment,pprs,ket,re_de,ment,redeketment,target,p,1.0,1,e,i,rediketment,0,11.0
edteclazitanoi,edveclazitanoi,prssss,tec,ed,la_zi_ta_noi,edteclazitanoi,control,r,,0,t,v,edveclazitanoi,1,
purtlayl,purtlall,rss,purt,,la_yl,purtlayl,control,s,1.0,0,y,l,purtlall,1,
ednucre,idnucre,prs,nuc,ed,re,ednucre,control,p,0.0,0,e,i,idnucre,1,
tekisousens,tekisoasens,rss,tek,,isou_sens,tekisousens,control,s,0.0,3,u,a,tekisoasens,1,
unsoomational,unsoomationam,prsss,soom,un,at_ion_al,unsoomational,target,s,2.0,1,l,m,unsoomationam,1,13.0
prelon,prulon,pr,lon,pre,,prelon,target,p,0.0,2,e,u,prulon,1,6.0
belsationally,belsationally,rssss,bels,,at_ion_al_ly,belsationally,target,s,1.0,0,i,a,belsataonally,0,13.0
ernidob,arnidob,ppr,dob,er_ni,,ernidob,control,p,0.0,0,e,a,arnidob,1,
werkcilayl,werkciloyl,rsss,werk,,ci_la_yl,werkcilayl,control,s,1.0,1,a,o,werkciloyl,1,
disinglocionary,disingloceonary,pprss,gloc,dis_in,ion_ary,disinglocionary,target,s,0.0,0,i,e,disingloceonary,1,15.0
teclasitci,teclasitci,rsss,tec,,la_sit_ci,teclasitci,control,s,2.0,0,c,t,teclasitti,0,
erppurtbalyl,erppurtbalyl,prss,purt,erp,bal_yl,erppurtbalyl,control,p,0.0,1,r,l,elppurtbalyl,0,
xetec,xetec,pr,tec,xe,,xetec,control,r,,1,e,i,xetic,0,
reoutwis,reoetwis,ppr,wis,re_out,,reoutwis,target,p,1.0,1,u,e,reoetwis,1,8.0
inprasivation,inpmasivation,prsss,pras,in,iv_at_ion,inprasivation,target,r,,1,r,m,inpmasivation,1,13.0
ketfulness,ketfumness,rss,ket,,ful_ness,ketfulness,target,s,0.0,2,l,m,ketfumness,1,10.0
disemgloc,disemgmoc,ppr,gloc,dis_em,,disemgloc,target,r,,1,l,m,disemgmoc,1,9.0
reindarfable,reindarsable,pprs,darf,re_in,able,reindarfable,target,r,,3,f,s,reindarsable,1,12.0
orptectanoi,orptectamoi,prss,tec,orp,ta_noi,orptectanoi,control,s,1.0,0,n,m,orptectamoi,1,
retinrom,retinrom,pr,rom,retin,,retinrom,control,r,,0,r,m,retinmom,0,
erpnolcilayl,erpnolcilayl,prsss,nol,erp,ci_la_yl,erpnolcilayl,control,p,0.0,1,r,m,empnolcilayl,0,
innegity,innegity,prs,neg,in,ity,innegity,target,p,0.0,1,n,m,imnegity,0,8.0
neilnemtlayl,neilnemtlayl,rsss,neil,,nemt_la_yl,neilnemtlayl,control,r,,2,i,e,neelnemtlayl,0,
ramationally,ramationally,rssss,ram,,at_ion_al_ly,ramationally,target,r,,0,r,m,mamationally,0,12.0
misprasour,misprasour,prs,pras,mis,our,misprasour,target,r,,0,p,g,misgrasour,0,10.0
outream,outream,pr,ream,out,,outream,target,r,,1,e,u,outruam,0,7.0
ertonpzie,ertonpzie,prs,tonp,er,zie,ertonpzie,control,s,0.0,2,e,a,ertonpzia,0,
unsoomional,unsoomional,prss,soom,un,ion_al,unsoomional,target,r,,3,m,n,unsoonional,0,11.0
sidfradoni,sidfradona,prs,frad,sid,oni,sidfradoni,control,s,0.0,2,i,a,sidfradona,1,
ermisiwelba,ermisiwelba,pprs,siw,er_mi,elba,ermisiwelba,control,s,0.0,0,e,o,ermisiwolba,0,
ermitekelba,ermitekelba,pprs,tek,er_mi,elba,ermitekelba,control,p,0.0,1,r,y,eymitekelba,0,
fradlasitciyl,fradlesitciyl,rssss,frad,,la_sit_ci_yl,fradlasitciyl,control,s,0.0,1,a,e,fradlesitciyl,1,
redecet,redecet,ppr,cet,re_de,,redecet,target,p,0.0,0,r,m,medecet,0,7.0
unmisbelsable,unrisbelsable,pprs,bels,un_mis,able,unmisbelsable,target,p,1.0,0,m,r,unrisbelsable,1,13.0
nimoosnoilayl,mimoosnoilayl,prsss,moos,ni,noi_la_yl,nimoosnoilayl,control,p,0.0,0,n,m,mimoosnoilayl,1,
neilsels,niilsels,rs,neil,,sels,neilsels,control,r,,1,e,i,niilsels,1,
nisidromtiy,nisidromtil,pprs,rom,ni_sid,tiy,nisidromtiy,control,s,0.0,2,y,l,nisidromtil,1,
sidninolsioussen,sidninolsioussen,pprss,nol,sid_ni,siou_ssen,sidninolsioussen,control,r,,2,l,m,sidninomsioussen,0,
retinneil,retinneil,pr,neil,retin,,retinneil,control,p,0.0,2,t,h,rehinneil,0,
ernigenacne,ernigenasne,pprs,gen,er_ni,acne,ernigenacne,control,s,0.0,1,c,s,ernigenasne,1,
toumearhissens,toomearhissens,prss,mear,tou,his_sens,toumearhissens,control,p,0.0,2,u,o,toomearhissens,1,
nonrepontivity,nonwepontivity,pprss,pont,non_re,iv_ity,nonrepontivity,target,p,1.0,0,r,w,nonwepontivity,1,14.0
nonregeedivity,norregeedivity,pprss,geed,non_re,iv_ity,nonregeedivity,target,p,0.0,2,n,r,norregeedivity,1,14.0
nudeegtanoilayl,nudeegtanoilayl,prssss,deeg,nu,ta_noi_la_yl,nudeegtanoilayl,control,r,,3,g,f,nudeeftanoilayl,0,
erminucelba,erminucelba,pprs,nuc,er_mi,elba,erminucelba,control,s,0.0,1,l,r,erminucerba,0,
keiriousness,keiriousness,rss,keir,,ious_ness,keiriousness,target,s,1.0,0,n,m,keiriousmess,0,12.0
geedalistic,geedalistic,rsss,geed,,al_ist_ic,geedalistic,target,r,,1,e,a,gaedalistic,0,11.0
onnkoopcilayl,omnkoopcilayl,prsss,koop,onn,ci_la_yl,onnkoopcilayl,control,p,0.0,1,n,m,omnkoopcilayl,1,
denegivation,denegivation,prsss,neg,de,iv_at_ion,denegivation,target,r,,2,g,c,denecivation,0,12.0
otucolg,otucolg,pr,colg,otu,,otucolg,control,p,0.0,2,u,i,oticolg,0,
revonuc,revonuc,pr,nuc,revo,,revonuc,control,p,0.0,0,r,w,wevonuc,0,
unbodiousness,unbodiousnass,prss,bod,un,ious_ness,unbodiousness,target,s,1.0,1,e,a,unbodiousnass,1,13.0
reimnegable,reimnegable,pprs,neg,re_im,able,reimnegable,target,r,,0,n,m,reimmegable,0,11.0
disinfomiously,disinfomiously,pprss,fom,dis_in,ious_ly,disinfomiously,target,p,1.0,0,i,a,disanfomiously,0,14.0
keirmentally,keirmentally,rsss,keir,,ment_al_ly,keirmentally,target,s,1.0,0,a,i,keirmentilly,0,12.0
nimarvitaino,nimarvitaino,prsss,mar,ni,vi_ta_ino,nimarvitaino,control,s,0.0,1,i,o,nimarvotaino,0,
preketablly,preketablmy,prss,ket,pre,abl_ly,preketablly,target,s,1.0,0,l,m,preketablmy,1,11.0
nunuctasitciyl,nunuctasitciyl,prssss,nuc,nu,ta_sit_ci_yl,nunuctasitciyl,control,p,0.0,1,u,e,nenuctasitciyl,0,
nudeegcilayl,nudeigcilayl,prsss,deeg,nu,ci_la_yl,nudeegcilayl,control,r,,2,e,i,nudeigcilayl,1,
rewisal,rewisal,prs,wis,re,al,rewisal,target,s,0.0,1,l,n,rewisan,0,7.0
indisglocity,indisglocity,pprs,gloc,in_dis,ity,indisglocity,target,p,1.0,2,s,b,indibglocity,0,12.0
onntekcilayl,onndekcilayl,prsss,tek,onn,ci_la_yl,onntekcilayl,control,r,,0,t,d,onndekcilayl,1,
intrupionally,intrupionally,prsss,trup,in,ion_al_ly,intrupionally,target,r,,0,t,s,insrupionally,0,13.0
premislien,premislien,ppr,lien,pre_mis,,premislien,target,p,1.0,1,i,e,premeslien,0,10.0
untrupalistic,entrupalistic,prsss,trup,un,al_ist_ic,untrupalistic,target,p,0.0,0,u,e,entrupalistic,1,13.0
sidnimofsioussen,sidnimofsioussen,pprss,mof,sid_ni,siou_ssen,sidnimofsioussen,control,r,,0,m,r,sidnirofsioussen,0,
decuner,decunar,prs,cun,de,er,decuner,target,s,0.0,0,e,a,decunar,1,7.0
teklasit,teklasit,rss,tek,,la_sit,teklasit,control,s,0.0,1,a,o,teklosit,0,
disintrupant,disintrupant,pprs,trup,dis_in,ant,disintrupant,target,s,0.0,1,n,l,disintrupalt,0,12.0
ungeed,ungeed,pr,geed,un,,ungeed,target,p,0.0,1,n,m,umgeed,0,6.0
nisarpvitaino,nisarpvidaino,prsss,sarp,ni,vi_ta_ino,nisarpvitaino,control,s,1.0,0,t,d,nisarpvidaino,1,
onnsiweviyl,onnsiweviyl,prss,siw,onn,evi_yl,onnsiweviyl,control,p,0.0,0,o,e,ennsiweviyl,0,
marci,marci,rs,mar,,ci,marci,control,s,0.0,0,c,t,marti,0,
prasalisticly,prahalisticly,rssss,pras,,al_ist_ic_ly,prasalisticly,target,r,,3,s,h,prahalisticly,1,13.0
disinkeiriously,dikinkeiriously,pprss,keir,dis_in,ious_ly,disinkeiriously,target,p,0.0,2,s,k,dikinkeiriously,1,15.0
exream,oxream,pr,ream,ex,,exream,target,p,0.0,0,e,o,oxream,1,6.0
nitec,nitec,pr,tec,ni,,nitec,control,r,,2,c,h,niteh,0,
selbcilayl,selbcilayl,rsss,selb,,ci_la_yl,selbcilayl,control,s,1.0,1,a,i,selbciliyl,0,
retinkoop,repinkoop,pr,koop,retin,,retinkoop,control,p,0.0,2,t,p,repinkoop,1,
disinloniously,disinlomiously,pprss,lon,dis_in,ious_ly,disinloniously,target,r,,2,n,m,disinlomiously,1,14.0
lonationally,lonationelly,rssss,lon,,at_ion_al_ly,lonationally,target,s,2.0,0,a,e,lonationelly,1,12.0
disintrupiously,disintrupiously,pprss,trup,dis_in,ious_ly,disintrupiously,target,s,0.0,1,o,a,disintrupiausly,0,15.0
simfradoni,simsradoni,prs,frad,sim,oni,simfradoni,control,r,,0,f,s,simsradoni,1,
premeerically,premeerically,prsss,meer,pre,ic_al_ly,premeerically,target,s,2.0,1,y,r,premeericallr,0,13.0
nudeegtasitciyl,nudeegtasitciyl,prssss,deeg,nu,ta_sit_ci_yl,nudeegtasitciyl,control,p,0.0,1,u,o,nodeegtasitciyl,0,
unmeeralisticly,unmueralisticly,prssss,meer,un,al_ist_ic_ly,unmeeralisticly,target,r,,1,e,u,unmueralisticly,1,15.0
ermiriekelba,ermiriekelba,pprs,riek,er_mi,elba,ermiriekelba,control,p,1.0,1,i,e,ermeriekelba,0,
reoutdarf,reoutdarf,ppr,darf,re_out,,reoutdarf,target,r,,2,r,y,reoutdayf,0,9.0
unmisteakably,unmisteatably,pprss,teak,un_mis,abl_y,unmisteakably,target,r,,3,k,t,unmisteatably,1,13.0
fradtainolasit,fradtainolasit,rssss,frad,,ta_ino_la_sit,fradtainolasit,control,s,1.0,1,n,m,fradtaimolasit,0,
prekeirically,prekeirically,prsss,keir,pre,ic_al_ly,prekeirically,target,r,,3,r,w,prekeiwically,0,13.0
erpnolbalyl,erpnolbalrl,prss,nol,erp,bal_yl,erpnolbalyl,control,s,1.0,0,y,r,erpnolbalrl,1,
reimfom,reimfim,ppr,fom,re_im,,reimfom,target,r,,1,o,i,reimfim,1,7.0
dissoomure,dissoomuye,prs,soom,dis,ure,dissoomure,target,s,0.0,1,r,y,dissoomuye,1,10.0
ermitek,ermites,ppr,tek,er_mi,,ermitek,control,r,,2,k,s,ermites,1,
predisream,prudisream,ppr,ream,pre_dis,,predisream,target,p,0.0,2,e,u,prudisream,1,10.0
ersimsarp,ersimsarp,ppr,sarp,er_sim,,ersimsarp,control,r,,1,a,e,ersimserp,0,
miscetfulness,miscetfulness,prss,cet,mis,ful_ness,miscetfulness,target,r,,2,t,b,miscebfulness,0,13.0
koulationalism,kourationalism,rssss,koul,,at_ion_al_ism,koulationalism,target,r,,3,l,r,kourationalism,1,14.0
edtektanoialsim,edtektanoielsim,prssss,tek,ed,ta_noi_al_sim,edtektanoialsim,control,s,2.0,0,a,e,edtektanoielsim,1,
ermitec,ermipec,ppr,tec,er_mi,,ermitec,control,r,,0,t,p,ermipec,1,
prasor,prasor,rs,pras,,or,prasor,target,r,,2,a,i,prisor,0,6.0
meerate,meerata,rs,meer,,ate,meerate,target,s,0.0,2,e,a,meerata,1,7.0
reimmeer,reimyeer,ppr,meer,re_im,,reimmeer,target,r,,0,m,y,reimyeer,1,8.0
repsimnol,repsomnol,ppr,nol,rep_sim,,repsimnol,control,p,1.0,1,i,o,repsomnol,1,
nolisousens,nolisousens,rss,nol,,isou_sens,nolisousens,control,s,0.0,0,i,a,nolasousens,0,
repsidtek,repsidpek,ppr,tek,rep_sid,,repsidtek,control,r,,0,t,p,repsidpek,1,
disincuniousness,disincuniousness,pprss,cun,dis_in,ious_ness,disincuniousness,target,p,0.0,0,d,t,tisincuniousness,0,16.0
unbelsalisticly,unbelsalisticly,prssss,bels,un,al_ist_ic_ly,unbelsalisticly,target,s,3.0,0,l,w,unbelsalisticwy,0,15.0
ketationalism,cetationalism,rssss,ket,,at_ion_al_ism,ketationalism,target,r,,0,k,c,cetationalism,1,13.0
abteakality,obteakality,prss,teak,ab,al_ity,abteakality,target,p,0.0,0,a,o,obteakality,1,11.0
disingirtionary,disingirtionary,pprss,girt,dis_in,ion_ary,disingirtionary,target,r,,2,r,m,disingimtionary,0,15.0
romtainolasit,romtainolasit,rssss,rom,,ta_ino_la_sit,romtainolasit,control,r,,2,m,r,rortainolasit,0,
disinbodiousness,disinbotiousness,pprss,bod,dis_in,ious_ness,disinbodiousness,target,r,,2,d,t,disinbotiousness,1,16.0
deegulfyl,deegurfyl,rss,deeg,,ulf_yl,deegulfyl,control,s,0.0,1,l,r,deegurfyl,1,
meerfulness,meerfulwess,rss,meer,,ful_ness,meerfulness,target,s,1.0,0,n,w,meerfulwess,1,11.0
remisdarf,remisdarp,ppr,darf,re_mis,,remisdarf,target,r,,3,f,p,remisdarp,1,9.0
unmeeralistic,unyeeralistic,prsss,meer,un,al_ist_ic,unmeeralistic,target,r,,0,m,y,unyeeralistic,1,13.0
miscunour,miscunoer,prs,cun,mis,our,miscunour,target,s,0.0,1,u,e,miscunoer,1,9.0
pontmentally,pontwentally,rsss,pont,,ment_al_ly,pontmentally,target,s,0.0,0,m,w,pontwentally,1,12.0
nutrigisoussen,nutrigisoussen,prss,trig,nu,isou_ssen,nutrigisoussen,control,s,1.0,2,e,a,nutrigisoussan,0,
veromoosevi,veromoosevi,prs,moos,vero,evi,veromoosevi,control,r,,3,s,h,veromoohevi,0,
ramal,ramal,rs,ram,,al,ramal,target,s,0.0,0,a,e,ramel,0,5.0
teakistically,teakisticalln,rssss,teak,,ist_ic_al_ly,teakistically,target,s,3.0,1,y,n,teakisticalln,1,13.0
morationalist,morationalist,rssss,mor,,at_ion_al_ist,morationalist,target,r,,2,r,m,momationalist,0,13.0
ketalisticly,ketawisticly,rssss,ket,,al_ist_ic_ly,ketalisticly,target,s,0.0,1,l,w,ketawisticly,1,12.0
taunality,taunality,rss,taun,,al_ity,taunality,target,s,0.0,0,a,u,taunulity,0,9.0
sidmenurd,sipmenurd,ppr,nurd,sid_me,,sidmenurd,control,p,0.0,2,d,p,sipmenurd,1,
dobtainolayl,dobtainolayl,rssss,dob,,ta_ino_la_yl,dobtainolayl,control,s,1.0,2,o,e,dobtainelayl,0,
belsalism,belsalism,rss,bels,,al_ism,belsalism,target,s,0.0,0,a,i,belsilism,0,9.0
colgsitci,colgsitce,rss,colg,,sit_ci,colgsitci,control,s,1.0,1,i,e,colgsitce,1,
werksitcilayl,werksitcilayl,rssss,werk,,sit_ci_la_yl,werksitcilayl,control,s,0.0,2,t,d,werksidcilayl,0,
disinmeerant,disinmeeranc,pprs,meer,dis_in,ant,disinmeerant,target,s,0.0,2,t,c,disinmeeranc,1,12.0
morness,morness,rs,mor,,ness,morness,target,r,,1,o,e,merness,0,7.0
inufrad,inufrad,pr,frad,inu,,inufrad,control,r,,3,d,h,inufrah,0,
gloc,gloh,r,gloc,,,gloc,target,r,,3,c,h,gloh,1,4.0
misdrunour,misdrunoor,prs,drun,mis,our,misdrunour,target,s,0.0,1,u,o,misdrunoor,1,10.0
teakationally,deakationally,rssss,teak,,at_ion_al_ly,teakationally,target,r,,0,t,d,deakationally,1,13.0
ernisarpacne,ernisarpacne,pprs,sarp,er_ni,acne,ernisarpacne,control,r,,0,s,h,erniharpacne,0,
prasfully,prasfully,rss,pras,,ful_ly,prasfully,target,s,0.0,1,u,e,prasfelly,0,9.0
keirically,keiricalwy,rsss,keir,,ic_al_ly,keirically,target,s,2.0,0,l,w,keiricalwy,1,10.0
talccilayl,talccilayl,rsss,talc,,ci_la_yl,talccilayl,control,s,1.0,0,l,m,talccimayl,0,
nonfomic,nonfomec,prs,fom,non,ic,nonfomic,target,s,0.0,0,i,e,nonfomec,1,8.0
prelienablly,prerienablly,prss,lien,pre,abl_ly,prelienablly,target,r,,0,l,r,prerienablly,1,12.0
mearlasitciyl,mearlasitciyl,rssss,mear,,la_sit_ci_yl,mearlasitciyl,control,r,,3,r,m,meamlasitciyl,0,
ersimwerk,ersimwerk,ppr,werk,er_sim,,ersimwerk,control,p,1.0,0,s,k,erkimwerk,0,
outdrunenness,outdrunenness,prss,drun,out,en_ness,outdrunenness,target,p,0.0,0,o,e,eutdrunenness,0,13.0
erselb,enselb,pr,selb,er,,erselb,control,p,0.0,1,r,n,enselb,1,
erotulouk,erotuleuk,ppr,louk,er_otu,,erotulouk,control,r,,1,o,e,erotuleuk,1,
orpgen,oypgen,pr,gen,orp,,orpgen,control,p,0.0,1,r,y,oypgen,1,
meartainolayl,meartainolayl,rssss,mear,,ta_ino_la_yl,meartainolayl,control,s,1.0,1,n,l,meartailolayl,0,
werkcilayl,werkcilayl,rsss,werk,,ci_la_yl,werkcilayl,control,s,2.0,1,l,r,werkcilayr,0,
fradtainolasim,fradtainilasim,rssss,frad,,ta_ino_la_sim,fradtainolasim,control,s,1.0,2,o,i,fradtainilasim,1,
exket,axket,pr,ket,ex,,exket,target,p,0.0,0,e,a,axket,1,5.0
interkrew,interkrel,pr,krew,inter,,interkrew,target,r,,3,w,l,interkrel,1,9.0
edsiwzitaino,edtiwzitaino,prsss,siw,ed,zi_ta_ino,edsiwzitaino,control,r,,0,s,t,edtiwzitaino,1,
defomationalism,difomationalism,prssss,fom,de,at_ion_al_ism,defomationalism,target,p,0.0,1,e,i,difomationalism,1,15.0
orploukoni,orploukoni,prs,louk,orp,oni,orploukoni,control,s,0.0,0,o,e,orploukeni,0,
proramion,proramion,prs,ram,pro,ion,proramion,target,r,,1,a,i,prorimion,0,9.0
dekeiralization,dekeiralization,prssss,keir,de,al_iz_at_ion,dekeiralization,target,s,2.0,1,t,h,dekeiralizahion,0,15.0
onnwerkci,onnwerkce,prs,werk,onn,ci,onnwerkci,control,s,0.0,1,i,e,onnwerkce,1,
edselbvitaino,edselpvitaino,prsss,selb,ed,vi_ta_ino,edselbvitaino,control,r,,3,b,p,edselpvitaino,1,
girtationalism,girtationalism,rssss,girt,,at_ion_al_ism,girtationalism,target,s,2.0,0,a,e,girtationelism,0,14.0
colglasitci,colglasitci,rsss,colg,,la_sit_ci,colglasitci,control,r,,2,l,r,corglasitci,0,
interfom,interfom,pr,fom,inter,,interfom,target,p,0.0,2,t,h,inherfom,0,8.0
sidnitrigoniyar,sidnitrigoniyar,pprss,trig,sid_ni,oni_yar,sidnitrigoniyar,control,r,,0,t,h,sidnihrigoniyar,0,
nesiw,nesiw,pr,siw,ne,,nesiw,control,r,,2,w,l,nesil,0,
outlienishness,outlienishness,prss,lien,out,ish_ness,outlienishness,target,s,0.0,2,h,s,outlienissness,0,14.0
edmartanoialsim,edmartawoialsim,prssss,mar,ed,ta_noi_al_sim,edmartanoialsim,control,s,1.0,0,n,w,edmartawoialsim,1,
prefomically,crefomically,prsss,fom,pre,ic_al_ly,prefomically,target,p,0.0,0,p,c,crefomically,1,12.0
nisarptanoi,nisarptanoi,prss,sarp,ni,ta_noi,nisarptanoi,control,s,1.0,0,n,m,nisarptamoi,0,
mofisou,mofasou,rs,mof,,isou,mofisou,control,s,0.0,0,i,a,mofasou,1,
simmoosoru,simmoosoru,prs,moos,sim,oru,simmoosoru,control,r,,0,m,l,simloosoru,0,
teakalisticly,teakalisticly,rssss,teak,,al_ist_ic_ly,teakalisticly,target,r,,1,e,i,tiakalisticly,0,13.0
dedarfalization,dedorfalization,prssss,darf,de,al_iz_at_ion,dedarfalization,target,r,,1,a,o,dedorfalization,1,15.0
taun,taun,r,taun,,,taun,target,r,,0,t,c,caun,0,4.0
tek,tep,r,tek,,,tek,control,r,,2,k,p,tep,1,
disinglociously,disinglociously,pprss,gloc,dis_in,ious_ly,disinglociously,target,p,1.0,1,n,m,disimglociously,0,15.0
pontant,dontant,rs,pont,,ant,pontant,target,r,,0,p,d,dontant,1,7.0
enbels,eybels,pr,bels,en,,enbels,target,p,0.0,1,n,y,eybels,1,6.0
simtrigoru,simtrigoru,prs,trig,sim,oru,simtrigoru,control,s,0.0,2,u,a,simtrigora,0,
keatnemtla,keatnemtla,rss,keat,,nemt_la,keatnemtla,control,r,,2,a,e,keetnemtla,0,
inketively,inkatively,prss,ket,in,ive_ly,inketively,target,r,,1,e,a,inkatively,1,10.0
sidnurderu,hidnurderu,prs,nurd,sid,eru,sidnurderu,control,p,0.0,0,s,h,hidnurderu,1,
nukeattasitciyl,nukeattasitciyl,prssss,keat,nu,ta_sit_ci_yl,nukeattasitciyl,control,p,0.0,0,n,l,lukeattasitciyl,0,
recetize,recetide,prs,cet,re,ize,recetize,target,s,0.0,1,z,d,recetide,1,8.0
uncetistic,uncetistic,prss,cet,un,ist_ic,uncetistic,target,p,0.0,0,u,e,encetistic,0,10.0
mearyl,mearyr,rs,mear,,yl,mearyl,control,s,0.0,1,l,r,mearyr,1,
dereamationalism,dereamationalism,prssss,ream,de,at_ion_al_ism,dereamationalism,target,s,1.0,2,n,m,dereamatiomalism,0,16.0
trup,tmup,r,trup,,,trup,target,r,,1,r,m,tmup,1,4.0
untaun,untaun,pr,taun,un,,untaun,target,r,,0,t,d,undaun,0,6.0
moftainolayl,moftainolayl,rssss,mof,,ta_ino_la_yl,moftainolayl,control,r,,2,f,d,modtainolayl,0,
misarpcilayl,misurpcilayl,prsss,sarp,mi,ci_la_yl,misarpcilayl,control,r,,1,a,u,misurpcilayl,1,
ersimtonp,ersomtonp,ppr,tonp,er_sim,,ersimtonp,control,p,1.0,1,i,o,ersomtonp,1,
siwtainolayl,tiwtainolayl,rssss,siw,,ta_ino_la_yl,siwtainolayl,control,r,,0,s,t,tiwtainolayl,1,
relien,rolien,pr,lien,re,,relien,target,p,0.0,1,e,o,rolien,1,6.0
ernigenacne,ernigenacne,pprs,gen,er_ni,acne,ernigenacne,control,r,,1,e,a,erniganacne,0,
simtalcoru,siwtalcoru,prs,talc,sim,oru,simtalcoru,control,p,0.0,2,m,w,siwtalcoru,1,
negalisticly,negalidticly,rssss,neg,,al_ist_ic_ly,negalisticly,target,s,1.0,1,s,d,negalidticly,1,12.0
sidnitekoniyar,sidnitekoniyar,pprss,tek,sid_ni,oni_yar,sidnitekoniyar,control,s,1.0,2,r,w,sidnitekoniyaw,0,
bodalistic,bodalistic,rsss,bod,,al_ist_ic,bodalistic,target,s,1.0,1,s,t,bodalittic,0,10.0
reamically,raamically,rsss,ream,,ic_al_ly,reamically,target,r,,1,e,a,raamically,1,10.0
otumof,otumof,pr,mof,otu,,otumof,control,r,,0,m,y,otuyof,0,
remisteak,remisteak,ppr,teak,re_mis,,remisteak,target,r,,3,k,s,remisteas,0,9.0
ermikeatnemt,ermikeatnemt,pprs,keat,er_mi,nemt,ermikeatnemt,control,s,0.0,3,t,d,ermikeatnemd,0,
immorically,immorivally,prsss,mor,im,ic_al_ly,immorically,target,s,0.0,1,c,v,immorivally,1,11.0
disinbodionary,disinbodionary,pprss,bod,dis_in,ion_ary,disinbodionary,target,r,,1,o,e,disinbedionary,0,14.0
inreamity,irreamity,prs,ream,in,ity,inreamity,target,p,0.0,1,n,r,irreamity,1,9.0
incetation,incetotion,prss,cet,in,at_ion,incetation,target,s,0.0,0,a,o,incetotion,1,10.0
soommentally,soammentally,rsss,soom,,ment_al_ly,soommentally,target,r,,2,o,a,soammentally,1,12.0
eredreemnemt,enedreemnemt,pprs,reem,er_ed,nemt,eredreemnemt,control,p,0.0,1,r,n,enedreemnemt,1,
nautro,nautno,rs,naut,,ro,nautro,control,s,0.0,0,r,n,nautno,1,
mismeerour,mismeerour,prs,meer,mis,our,mismeerour,target,r,,0,m,y,misyeerour,0,10.0
disketal,disketal,prs,ket,dis,al,disketal,target,s,0.0,0,a,e,disketel,0,8.0
sarpulfsens,sarpulfsens,rss,sarp,,ulf_sens,sarpulfsens,control,r,,0,s,d,darpulfsens,0,
nautulfsens,nausulfsens,rss,naut,,ulf_sens,nautulfsens,control,r,,3,t,s,nausulfsens,1,
sidnineiloni,sidnineiloni,pprs,neil,sid_ni,oni,sidnineiloni,control,s,0.0,0,o,a,sidnineilani,0,
preramically,prerimically,prsss,ram,pre,ic_al_ly,preramically,target,r,,1,a,i,prerimically,1,12.0
imprasically,impnasically,prsss,pras,im,ic_al_ly,imprasically,target,r,,1,r,n,impnasically,1,12.0
overbels,overbels,pr,bels,over,,overbels,target,r,,1,e,a,overbals,0,8.0
fomist,fomust,rs,fom,,ist,fomist,target,s,0.0,0,i,u,fomust,1,6.0
krewate,krewata,rs,krew,,ate,krewate,target,s,0.0,2,e,a,krewata,1,7.0
bafradlatiy,bafradmatiy,prss,frad,ba,la_tiy,bafradlatiy,control,s,0.0,0,l,m,bafradmatiy,1,
romcilayl,romcilayl,rsss,rom,,ci_la_yl,romcilayl,control,s,0.0,1,i,o,romcolayl,0,
mof,rof,r,mof,,,mof,control,r,,0,m,r,rof,1,
punuc,ponuc,pr,nuc,pu,,punuc,control,p,0.0,1,u,o,ponuc,1,
innegionally,innegionally,prsss,neg,in,ion_al_ly,innegionally,target,r,,1,e,a,innagionally,0,12.0
touselbnessen,touselbnessen,prss,selb,tou,ne_ssen,touselbnessen,control,p,0.0,0,t,p,pouselbnessen,0,
unramalisticly,unmamalisticly,prssss,ram,un,al_ist_ic_ly,unramalisticly,target,r,,0,r,m,unmamalisticly,1,14.0
indarfionally,indarfienally,prsss,darf,in,ion_al_ly,indarfionally,target,s,0.0,1,o,e,indarfienally,1,13.0
dob,sob,r,dob,,,dob,control,r,,0,d,s,sob,1,
nauttainolayl,nauttainolayl,rssss,naut,,ta_ino_la_yl,nauttainolayl,control,s,0.0,1,a,e,nautteinolayl,0,
reimglocment,reimtlocment,pprs,gloc,re_im,ment,reimglocment,target,r,,0,g,t,reimtlocment,1,12.0
unitrup,onitrup,pr,trup,uni,,unitrup,target,p,0.0,0,u,o,onitrup,1,7.0
onnersiwviyti,onnersiwviyti,pprss,siw,onn_er,vi_yti,onnersiwviyti,control,s,1.0,0,y,r,onnersiwvirti,0,
erotuwerk,arotuwerk,ppr,werk,er_otu,,erotuwerk,control,p,0.0,0,e,a,arotuwerk,1,
siwtainolasim,siwtainalasim,rssss,siw,,ta_ino_la_sim,siwtainolasim,control,s,1.0,2,o,a,siwtainalasim,1,
unmisnegable,unmisnegable,pprs,neg,un_mis,able,unmisnegable,target,r,,1,e,a,unmisnagable,0,12.0
werknemtlayl,werknemtlayl,rsss,werk,,nemt_la_yl,werknemtlayl,control,r,,0,w,m,merknemtlayl,0,
rewisate,rewisase,prs,wis,re,ate,rewisate,target,s,0.0,1,t,s,rewisase,1,8.0
reimkoul,reimkour,ppr,koul,re_im,,reimkoul,target,r,,3,l,r,reimkour,1,8.0
tectainolasit,tectainolasit,rssss,tec,,ta_ino_la_sit,tectainolasit,control,s,2.0,1,a,u,tectainolusit,0,
teakically,teakically,rsss,teak,,ic_al_ly,teakically,target,r,,1,e,a,taakically,0,10.0
misarpcilbatiy,misarphilbatiy,prsss,sarp,mi,ci_lba_tiy,misarpcilbatiy,control,s,0.0,0,c,h,misarphilbatiy,1,
clatant,clatant,rs,clat,,ant,clatant,target,s,0.0,2,t,s,clatans,0,7.0
kooptan,kooptan,rs,koop,,tan,kooptan,control,r,,0,k,s,sooptan,0,
romnemt,romnert,rs,rom,,nemt,romnemt,control,s,0.0,2,m,r,romnert,1,
neilnemtlayl,neilnemtlayl,rsss,neil,,nemt_la_yl,neilnemtlayl,control,r,,3,l,m,neimnemtlayl,0,
orpselboni,orpselboni,prs,selb,orp,oni,orpselboni,control,p,0.0,1,r,m,ompselboni,0,
ermisiw,ermisiw,ppr,siw,er_mi,,ermisiw,control,p,0.0,1,r,w,ewmisiw,0,
disinkrewionary,disinkmewionary,pprss,krew,dis_in,ion_ary,disinkrewionary,target,r,,1,r,m,disinkmewionary,1,15.0
nol,nol,r,nol,,,nol,control,r,,0,n,r,rol,0,
mislienion,mislienion,prs,lien,mis,ion,mislienion,target,p,0.0,0,m,l,lislienion,0,10.0
dekoulationalism,hekoulationalism,prssss,koul,de,at_ion_al_ism,dekoulationalism,target,p,0.0,0,d,h,hekoulationalism,1,16.0
cunic,cunic,rs,cun,,ic,cunic,target,s,0.0,1,c,s,cunis,0,5.0
nutrigtasitciyl,nutrigtasitciyl,prssss,trig,nu,ta_sit_ci_yl,nutrigtasitciyl,control,p,0.0,1,u,i,nitrigtasitciyl,0,
romnemtlasim,rornemtlasim,rsss,rom,,nemt_la_sim,romnemtlasim,control,r,,2,m,r,rornemtlasim,1,
erpmearcilayl,erpmealcilayl,prsss,mear,erp,ci_la_yl,erpmearcilayl,control,r,,3,r,l,erpmealcilayl,1,
unclatationally,unclatationally,prssss,clat,un,at_ion_al_ly,unclatationally,target,s,0.0,1,t,h,unclatahionally,0,15.0
nollasitci,nollesitci,rsss,nol,,la_sit_ci,nollasitci,control,s,0.0,1,a,e,nollesitci,1,
reinkeir,reinkeir,ppr,keir,re_in,,reinkeir,target,p,1.0,0,i,e,reenkeir,0,8.0
retaunate,retaunate,prs,taun,re,ate,retaunate,target,r,,1,a,e,reteunate,0,9.0
purtsitcilayl,pumtsitcilayl,rssss,purt,,sit_ci_la_yl,purtsitcilayl,control,r,,2,r,m,pumtsitcilayl,1,
taunically,taunisally,rsss,taun,,ic_al_ly,taunically,target,s,0.0,1,c,s,taunisally,1,10.0
morful,morfun,rs,mor,,ful,morful,target,s,0.0,2,l,n,morfun,1,6.0
defomalization,defomalization,prssss,fom,de,al_iz_at_ion,defomalization,target,p,0.0,1,e,a,dafomalization,0,14.0
taunliness,taunlaness,rss,taun,,li_ness,taunliness,target,s,0.0,1,i,a,taunlaness,1,10.0
moossitci,moossitci,rss,moos,,sit_ci,moossitci,control,r,,1,o,a,maossitci,0,
intergloc,intergloc,pr,gloc,inter,,intergloc,target,p,0.0,4,r,m,intemgloc,0,9.0
nitalcvitaino,nitalcvitaino,prsss,talc,ni,vi_ta_ino,nitalcvitaino,control,s,1.0,0,t,g,nitalcvigaino,0,
negationalism,negatienalism,rssss,neg,,at_ion_al_ism,negationalism,target,s,1.0,1,o,e,negatienalism,1,13.0
edkooptanoialsim,edkooptanoielsim,prssss,koop,ed,ta_noi_al_sim,edkooptanoialsim,control,s,2.0,0,a,e,edkooptanoielsim,1,
sidnidobouisyl,sodnidobouisyl,pprss,dob,sid_ni,ouis_yl,sidnidobouisyl,control,p,0.0,1,i,o,sodnidobouisyl,1,
ersimkeat,ersimkeat,ppr,keat,er_sim,,ersimkeat,control,r,,1,e,o,ersimkoat,0,
nonbelsal,nonbelsal,prs,bels,non,al,nonbelsal,target,s,0.0,1,l,m,nonbelsam,0,9.0
morfulness,moyfulness,rss,mor,,ful_ness,morfulness,target,r,,2,r,y,moyfulness,1,10.0
nureem,nireem,pr,reem,nu,,nureem,control,p,0.0,1,u,i,nireem,1,
degeedalization,degeedalization,prssss,geed,de,al_iz_at_ion,degeedalization,target,r,,2,e,o,degeodalization,0,15.0
unprasalisticly,unprahalisticly,prssss,pras,un,al_ist_ic_ly,unprasalisticly,target,r,,3,s,h,unprahalisticly,1,15.0
onnerdobviyti,onnerdobviyti,pprss,dob,onn_er,vi_yti,onnerdobviyti,control,s,1.0,2,i,e,onnerdobviyte,0,
morious,morious,rs,mor,,ious,morious,target,r,,1,o,i,mirious,0,7.0
niselbvieta,niselbvieta,prss,selb,ni,vi_eta,niselbvieta,control,r,,1,e,a,nisalbvieta,0,
keatulfyl,keatulfwl,rss,keat,,ulf_yl,keatulfyl,control,s,1.0,0,y,w,keatulfwl,1,
reinlienance,reinlienance,pprs,lien,re_in,ance,reinlienance,target,s,0.0,2,c,p,reinlienanpe,0,12.0
predispont,predispont,ppr,pont,pre_dis,,predispont,target,r,,2,n,r,predisport,0,10.0
sidnitekoniyar,sidnetekoniyar,pprss,tek,sid_ni,oni_yar,sidnitekoniyar,control,p,1.0,1,i,e,sidnetekoniyar,1,
proramation,proraration,prss,ram,pro,at_ion,proramation,target,r,,2,m,r,proraration,1,11.0
eredpurtnemt,eredhurtnemt,pprs,purt,er_ed,nemt,eredpurtnemt,control,r,,0,p,h,eredhurtnemt,1,
nusarptasitciyl,nusarptasitciyl,prssss,sarp,nu,ta_sit_ci_yl,nusarptasitciyl,control,r,,0,s,v,nuvarptasitciyl,0,
keatnemtla,keatnemtla,rss,keat,,nemt_la,keatnemtla,control,r,,0,k,s,seatnemtla,0,
sidkeatla,sidkeatla,prs,keat,sid,la,sidkeatla,control,r,,1,e,o,sidkoatla,0,
koulally,koulally,rss,koul,,al_ly,koulally,target,r,,1,o,i,kiulally,0,8.0
teakalistic,teafalistic,rsss,teak,,al_ist_ic,teakalistic,target,r,,3,k,f,teafalistic,1,11.0
lienalistic,lieyalistic,rsss,lien,,al_ist_ic,lienalistic,target,r,,3,n,y,lieyalistic,1,11.0
sidnitrigoniyar,sidnitrigoniyar,pprss,trig,sid_ni,oni_yar,sidnitrigoniyar,control,p,1.0,0,n,m,sidmitrigoniyar,0,
remistaun,remastaun,ppr,taun,re_mis,,remistaun,target,p,1.0,1,i,a,remastaun,1,9.0
reintaun,reinsaun,ppr,taun,re_in,,reintaun,target,r,,0,t,s,reinsaun,1,8.0
belsly,belsly,rs,bels,,ly,belsly,target,s,0.0,0,l,m,belsmy,0,6.0
upclat,upclat,pr,clat,up,,upclat,target,p,0.0,0,u,e,epclat,0,6.0
sidninucsioussen,sidninucseoussen,pprss,nuc,sid_ni,siou_ssen,sidninucsioussen,control,s,0.0,1,i,e,sidninucseoussen,1,
nusimtonpelba,nusimtonpelba,pprs,tonp,nu_sim,elba,nusimtonpelba,control,s,0.0,0,e,i,nusimtonpilba,0,
undarfistically,undarfittically,prssss,darf,un,ist_ic_al_ly,undarfistically,target,s,0.0,1,s,t,undarfittically,1,15.0
tonpilsens,tonpolsens,rss,tonp,,il_sens,tonpilsens,control,s,0.0,0,i,o,tonpolsens,1,
mearessn,mearessn,rs,mear,,essn,mearessn,control,s,0.0,1,s,t,mearetsn,0,
nisidtektiy,nisidtektiy,pprs,tek,ni_sid,tiy,nisidtektiy,control,s,0.0,2,y,m,nisidtektim,0,
simmofulfssen,simmofulfssen,prss,mof,sim,ulf_ssen,simmofulfssen,control,r,,0,m,l,simlofulfssen,0,
