Word1,Word2,errortype,Is_Error,Token,Condition,Prefix2,Prefix1,Root,Suffix1,Suffix2,Wordlength,Monomorpheme,MonoPrefix2,MonoPrefix1,MonoRoot,MonoSuffix1,MonoSuffix2,ErrorPrefix2,ErrorPrefix1,ErrorRoot,ErrorSuffix1,ErrorSuffix2,ChangedIndexP2,ChangedIndexP1,ChangedIndexR,ChangedIndexS1,ChangedIndexS2,MonoErrorPrefix2,MonoErrorPrefix1,MonoErrorRoot,MonoErrorSuffix1,MonoErrorSuffix2,MonoChangedIndexP2,MonoChangedIndexP1,MonoChangedIndexR,MonoChangedIndexS1,MonoChangedIndexS2
erpedanh,erpedanh,NoErrorMono,0,dehugation,ppr,pre,de,han,,,10,erpedanh,erp,ed,anh,,,pjedehan,predihan,predehen,,,1.0,1.0,1,,,orpedanh,erpudanh,erpedunh,,,0.0,0.0,0,,
emsion,emsion,NoErrorPoly,0,emsion,prs,,un,ved,ion,,6,nuvdenoi,,nu,vde,noi,,,envedion,undedion,unvedoon,,,0.0,0,0.0,,,navdenoi,nuvdinoi,nuvdeloi,,,1.0,2,0.0,
erpdevniore,erpdevniore,MonoSuffix2,1,amdiioner,prss,,pre,ved,ion,er,9,erpdevniore,,erp,dev,nio,re,,provedioner,prevekioner,prevediorer,prevedionen,,2.0,2,2.0,1.0,,orpdevniore,erptevniore,erpdevniare,erpdevniori,,0.0,0,2.0,1.0
edurflre,edurflro,MonoSuffix1,1,vedion,prs,,de,lurf,er,,6,edurflre,,ed,urfl,re,,,dilurfer,derurfer,delurfey,,,1.0,0,1.0,,,ehurflre,edunflre,edurflro,,,1.0,1,1.0,
prereper,vredehan,Prefix2,1,prereper,ppr,pre,de,han,,,8,rpeedanh,rpe,ed,anh,,,vredehan,prebehan,predehar,,,0.0,0.0,2,,,mpeedanh,rpeepanh,rpeedant,,,0.0,1.0,2,,
taaoni,taaori,MonoSuffix1,1,dehugat,rs,,,ata,ion,,7,taaoni,,,taa,oni,,,,etaion,ataaon,,,,0,0.0,,,,taeoni,taaori,,,,2,1.0,
itcelfulabe,itcelfulabe,NoErrorMono,0,indehugat,rss,,,cite,ful,able,9,itcelfulabe,,,itce,lfu,labe,,,citafulable,citehulable,citefuluble,,,3,0.0,0.0,,,itculfulabe,itceltulabe,itcelfulabo,,,3,1.0,3.0
nurpebelaufl,nurpebalaufl,MonoSuffix1,1,vedableful,prss,,un,rep,able,ful,10,nurpebelaufl,,nu,rpe,bela,ufl,,ulrepableful,unmepableful,unrepabloful,unrepablefur,,1.0,0,3.0,2.0,,rurpebelaufl,numpebelaufl,nurpebalaufl,nurpebelaufy,,0.0,0,1.0,2.0
nuatuhgoin,nuatuhgoin,NoErrorMono,0,amdier,prs,,un,hugat,ion,,6,nuatuhgoin,,nu,atuhg,oin,,,ulhugation,unhubation,unhugateon,,,1.0,2,0.0,,,luatuhgoin,nuatuhtoin,nuatuhguin,,,0.0,4,0.0,
deinrep,aboserian,Suffix2,1,deinrep,rss,,,abos,er,ion,7,saborenio,,,sabo,re,nio,,,eboserion,abosarion,aboserian,,,0,0.0,1.0,,,vaborenio,sabomenio,saborenie,,,0,0.0,2.0
nieproni,nieproni,NoErrorMono,0,emsful,prs,,in,rep,ion,,6,nieproni,,ni,epr,oni,,,imrepion,inretion,inrepiol,,,1.0,2,2.0,,,neeproni,niiproni,nieprori,,,1.0,0,1.0,
delurf,delurf,NoErrorPoly,0,delurf,rs,,,ved,able,,6,vdeebal,,,vde,ebal,,,,sedable,vedabye,,,,0,2.0,,,,vduebal,vdeetal,,,,2,1.0,
ems,ems,NoErrorPoly,0,ems,r,,,ems,,,3,sme,,,sme,,,,,emq,,,,,2,,,,,tme,,,,,0,,
deciteion,deanved,Prefix1,1,deciteion,ppr,de,in,ved,,,9,edniedv,ed,ni,edv,,,heinved,deanved,deinvet,,,0.0,0.0,2,,,adniedv,ednaedv,edniecv,,,0.0,1.0,1,,
nusmefluaebl,nusmefluaebl,NoErrorMono,0,lurferion,prss,,un,ems,ful,able,9,nusmefluaebl,,nu,sme,flu,aebl,,uwemsfulable,unemcfulable,unemsfurable,unemsfulabla,,1.0,2,2.0,3.0,,nosmefluaebl,nuhmefluaebl,nusmefleaebl,nusmefluaubl,,1.0,0,2.0,1.0
edperulfblae,edperulfblae,NoErrorMono,0,hugatableful,prss,,de,rep,ful,able,12,edperulfblae,,ed,per,ulf,blae,,dorepfulable,deresfulable,derepfurable,derepfulabme,,1.0,2,2.0,2.0,,epperulfblae,edporulfblae,edperulsblae,edperulfblao,,1.0,1,2.0,3.0
reperion,reperion,NoErrorPoly,0,reperion,prss,,in,han,ful,able,8,nianhlufleba,,ni,anh,luf,leba,,iyhanfulable,inpanfulable,inhanhulable,inhanfulablu,,1.0,0,0.0,3.0,,rianhlufleba,niinhlufleba,nianhmufleba,nianhlufreba,,0.0,0,0.0,0.0
icteino,icteino,NoErrorMono,0,prelurf,rs,,,cite,ion,,7,icteino,,,icte,ino,,,,ciseion,citeiom,,,,2,2.0,,,,octeino,icteimo,,,,0,1.0,
perrenio,perrenio,NoErrorMono,0,deunhugat,rss,,,rep,er,ion,9,perrenio,,,per,re,nio,,,leperion,repemion,reperiol,,,0,1.0,2.0,,,parrenio,permenio,perrerio,,,1,0.0,0.0
prerep,prerep,NoErrorPoly,0,prerep,rs,,,cite,er,,6,itcere,,,itce,re,,,,citaer,citeel,,,,3,1.0,,,,itcire,itcero,,,,3,1.0,
lurfion,lurfion,NoErrorPoly,0,lurfion,prs,,de,ved,ion,,7,edvdenoi,,ed,vde,noi,,,hevedion,devepion,devedeon,,,0.0,2,0.0,,,etvdenoi,edsdenoi,edvdenai,,,1.0,0,1.0,
numseelba,numseelsa,MonoSuffix1,1,citeer,prs,,un,ems,able,,6,numseelba,,nu,mse,elba,,,inemsable,unamsable,unemsabli,,,0.0,0,3.0,,,nemseelba,numsaelba,numseelsa,,,1.0,2,2.0,
han,han,NoErrorPoly,0,han,r,,,han,,,3,nah,,,nah,,,,,ham,,,,,2,,,,,nac,,,,,2,,
inemsableful,inemsableful,NoErrorPoly,0,inemsableful,pprs,in,pre,rep,able,,12,nierprpealbe,ni,erp,rpe,albe,,irprerepable,insrerepable,inpremepable,inprerepatle,,1.0,0.0,0,1.0,,rierprpealbe,niercrpealbe,nierprpaalbe,nierprpearbe,,0.0,2.0,2,1.0,
edtaguhinore,edtagahinore,MonoRoot,1,amdiableful,prss,,de,hugat,ion,er,11,edtaguhinore,,ed,taguh,ino,re,,dahugationer,dehucationer,dehugataoner,dehugationem,,1.0,2,0.0,1.0,,ettaguhinore,edtagahinore,edtaguhilore,edtaguhinoro,,1.0,3,1.0,1.0
thgaulbea,thgaulbea,NoErrorMono,0,preata,rs,,,hugat,able,,6,thgaulbea,,,thgau,lbea,,,,hugafable,hugateble,,,,4,0.0,,,,ttgaulbea,thgaulsea,,,,1,1.0,
edaatoinre,edaatoinre,NoErrorMono,0,aboserion,prss,,de,ata,ion,er,9,edaatoinre,,ed,aat,oin,re,,feataioner,deafaioner,deataaoner,deataionor,,0.0,1,0.0,0.0,,efaatoinre,edaitoinre,edaatoenre,edaatoinru,,1.0,1,1.0,1.0
abos,abos,NoErrorPoly,0,abos,pr,,pre,ata,,,4,epraat,,epr,aat,,,,pleata,preada,,,,1.0,1,,,,epmaat,eproat,,,,2.0,0,,
unhugat,unhugat,NoErrorPoly,0,unhugat,rs,,,han,er,,7,anhre,,,anh,re,,,,hawer,hanem,,,,2,1.0,,,,enhre,anhri,,,,0,1.0,
prerepioner,prerepioner,NoErrorPoly,0,prerepioner,pprs,in,pre,rep,ful,,11,nieprprelfu,ni,epr,pre,lfu,,anprerepful,inprarepful,inprerapful,inprerephul,,0.0,2.0,1,0.0,,rieprprelfu,niiprprelfu,nieprpmelfu,nieprprelhu,,0.0,0.0,1,1.0,
rpenivdere,rpenisdere,MonoRoot,1,inciteerion,pprs,pre,in,ved,er,,11,rpenivdere,rpe,ni,vde,re,,proinveder,preimveder,preinvuder,preinvedor,,2.0,1.0,1,0.0,,rtenivdere,rpelivdere,rpenisdere,rpenivdero,,1.0,0.0,0,1.0,
emser,prehanabli,Suffix1,1,emser,prs,,pre,han,able,,5,eprnahlbea,,epr,nah,lbea,,,prohanable,predanable,prehanabli,,,2.0,0,3.0,,,etrnahlbea,eprrahlbea,eprnahlbeu,,,1.0,0,3.0,
ederpmiad,ederpmiad,NoErrorMono,0,prevedful,ppr,de,pre,amdi,,,9,ederpmiad,ed,erp,miad,,,dopreamdi,depmeamdi,depreamde,,,1.0,1.0,3,,,eserpmiad,edeypmiad,ederpwiad,,,1.0,1.0,0,,
edaatulf,edaatolf,MonoSuffix1,1,ataion,prs,,de,ata,ful,,6,edaatulf,,ed,aat,ulf,,,diataful,deetaful,deatasul,,,1.0,0,0.0,,,efaatulf,ediatulf,edaatolf,,,1.0,0,0.0,
rep,reh,Root,1,rep,r,,,rep,,,3,epr,,,epr,,,,,reh,,,,,2,,,,,epl,,,,,2,,
numesflu,numesflu,NoErrorMono,0,hugation,prs,,un,ems,ful,,8,numesflu,,nu,mes,flu,,,enemsful,unemtful,unemsfil,,,0.0,2,1.0,,,nemesflu,numosflu,numesfmu,,,1.0,1,1.0,
niperdevino,liperdevino,MonoPrefix2,1,prerepableful,pprs,in,pre,ved,ion,,13,niperdevino,ni,per,dev,ino,,ijprevedion,inpnevedion,inprevebion,inprevediom,,1.0,1.0,2,2.0,,liperdevino,nipardevino,niperdepino,niperdeviro,,0.0,1.0,2,1.0,
midareoin,madareoin,MonoRoot,1,indehan,rss,,,amdi,er,ion,7,midareoin,,,mida,re,oin,,,amsierion,amdiirion,amdierioy,,,2,0.0,2.0,,,madareoin,midameoin,midareuin,,,1,0.0,0.0
rep,rap,Root,1,rep,r,,,rep,,,3,epr,,,epr,,,,,rap,,,,,1,,,,,epl,,,,,2,,
niaguthlaebluf,niaguthlaebluf,NoErrorMono,0,vedioner,prss,,in,hugat,able,ful,8,niaguthlaebluf,,ni,aguth,laeb,luf,,irhugatableful,inhugetableful,inhugatabweful,inhugatablefuj,,1.0,3,2.0,2.0,,wiaguthlaebluf,nieguthlaebluf,niaguthlaegluf,niaguthlaeblug,,0.0,0,3.0,2.0
nirepper,rirepper,MonoPrefix2,1,inabosion,ppr,in,pre,rep,,,9,nirepper,ni,rep,per,,,anprerep,inprorep,inpremep,,,0.0,2.0,0,,,rirepper,niwepper,nireppen,,,0.0,0.0,2,,
devedioner,insehaner,Prefix1,1,devedioner,pprs,in,de,han,er,,10,niedahnre,ni,ed,ahn,re,,endehaner,insehaner,indehener,indehanar,,0.0,0.0,1,0.0,,miedahnre,niodahnre,niedatnre,niedahnro,,0.0,0.0,1,1.0,
hanioner,hanioner,NoErrorPoly,0,hanioner,prss,,un,ata,er,ion,8,nuaatrenio,,nu,aat,re,nio,,inataerion,unabaerion,unataarion,unataereon,,0.0,1,0.0,0.0,,neaatrenio,nuaetrenio,nuaatrinio,nuaatremio,,1.0,1,1.0,0.0
inlurfer,endehan,Prefix2,1,inlurfer,ppr,in,de,han,,,8,niedanh,ni,ed,anh,,,endehan,indihan,indehin,,,0.0,1.0,1,,,wiedanh,niesanh,niedamh,,,0.0,1.0,1,,
repnumdiaino,mepnumdiaino,MonoPrefix2,1,invederion,pprs,pre,un,amdi,ion,,10,repnumdiaino,rep,nu,mdia,ino,,hreunamdiion,preanamdiion,preunamdeion,preunamdiuon,,0.0,0.0,3,0.0,,mepnumdiaino,repnamdiaino,repnumdoaino,repnumdiaano,,0.0,1.0,2,0.0,
ninuesmnio,ninuesmnio,NoErrorMono,0,dehanableful,pprs,in,un,ems,ion,,12,ninuesmnio,ni,nu,esm,nio,,iwunemsion,inumemsion,inunembion,inunemsiom,,1.0,1.0,2,2.0,,nunuesmnio,nimuesmnio,ninuasmnio,ninuesmnie,,1.0,0.0,0,2.0,
utghaleablfu,utghaleablfu,NoErrorMono,0,predehan,rss,,,hugat,able,ful,8,utghaleablfu,,,utgha,leab,lfu,,,hagatableful,hugatabloful,hugatablefur,,,1,3.0,2.0,,,utgholeablfu,utghaneablfu,utghaleabwfu,,,4,0.0,0.0
deunamdi,deunamdi,NoErrorPoly,0,deunamdi,rss,,,ems,ful,able,8,meslfuaebl,,,mes,lfu,aebl,,,elsfulable,emskulable,emsfuleble,,,1,0.0,0.0,,,mexlfuaebl,mesltuaebl,meslfuaebr,,,2,1.0,3.0
rulfino,rulfino,NoErrorMono,0,dehugat,rs,,,lurf,ion,,7,rulfino,,,rulf,ino,,,,luwfion,lurfien,,,,2,1.0,,,,rurfino,rulfine,,,,2,2.0,
deamdi,ubosful,Root,1,deamdi,rs,,,abos,ful,,6,obasufl,,,obas,ufl,,,,ubosful,abosfur,,,,0,2.0,,,,obatufl,obasefl,,,,3,0.0,
hugat,tugat,Root,1,hugat,r,,,hugat,,,5,htuag,,,htuag,,,,,tugat,,,,,0,,,,,htuat,,,,,4,,
ataable,unhugetion,Root,1,ataable,prs,,un,hugat,ion,,7,nutghauino,,nu,tghau,ino,,,enhugation,unhugetion,unhugatiom,,,0.0,3,2.0,,,natghauino,nutxhauino,nutghaueno,,,1.0,1,0.0,
hugatfulable,debedfulable,Root,1,hugatfulable,prss,,de,ved,ful,able,12,eddveflulaeb,,ed,dve,flu,laeb,,dovedfulable,debedfulable,devedhulable,devedfulasle,,1.0,0,0.0,1.0,,ehdveflulaeb,eddvoflulaeb,eddvefmulaeb,eddvefluloeb,,1.0,2,1.0,1.0
han,san,Root,1,han,r,,,han,,,3,nah,,,nah,,,,,san,,,,,0,,,,,nac,,,,,2,,
deunlurf,reperian,Suffix2,1,deunlurf,rss,,,rep,er,ion,8,prereoni,,,pre,re,oni,,,yeperion,repurion,reperian,,,0,0.0,1.0,,,prireoni,preraoni,prereono,,,2,1.0,2.0
prerepable,prerepable,NoErrorPoly,0,prerepable,ppr,de,pre,cite,,,10,edrpeceit,ed,rpe,ceit,,,daprecite,deplecite,deprecote,,,1.0,1.0,1,,,etrpeceit,edrpaceit,edrpeteit,,,1.0,2.0,0,,
deunabos,deunabos,NoErrorPoly,0,deunabos,rss,,,hugat,ion,er,8,uhgatoinre,,,uhgat,oin,re,,,sugationer,hugatiower,hugationew,,,0,2.0,1.0,,,uhgetoinre,uhgatoilre,uhgatoinri,,,3,2.0,1.0
mesoinre,resoinre,MonoRoot,1,deunems,rss,,,ems,ion,er,7,mesoinre,,,mes,oin,re,,,emcioner,emsiuner,emsionor,,,2,1.0,0.0,,,resoinre,mesoiyre,mesoinru,,,0,2.0,1.0
perectilfuelab,perectilfuelab,NoErrorMono,0,ataioner,prss,,pre,cite,ful,able,8,perectilfuelab,,per,ecti,lfu,elab,,trecitefulable,precisefulable,precitefumable,precitefulible,,0.0,2,2.0,0.0,,pemectilfuelab,peregtilfuelab,perectilfeelab,perectilfualab,,2.0,1,2.0,0.0
vedfulable,unrepablefur,Suffix2,1,vedfulable,prss,,un,rep,able,ful,10,nurpeaelbflu,,nu,rpe,aelb,flu,,anrepableful,unrapableful,unrepabloful,unrepablefur,,0.0,1,3.0,2.0,,nirpeaelbflu,nurheaelbflu,nurpeaerbflu,nurpeaelbvlu,,1.0,1,2.0,0.0
niosabnoi,niosabnoi,NoErrorMono,0,citeable,prs,,in,abos,ion,,8,niosabnoi,,ni,osab,noi,,,ilabosion,inebosion,inabosien,,,1.0,0,1.0,,,neosabnoi,niopabnoi,niosabnei,,,1.0,1,1.0,
edsbao,edsbao,NoErrorMono,0,amdi,pr,,de,abos,,,4,edsbao,,ed,sbao,,,,duabos,deebos,,,,1.0,0,,,,adsbao,edsbeo,,,,0.0,2,,
lurf,lurf,NoErrorPoly,0,lurf,pr,,in,hugat,,,4,nihtagu,,ni,htagu,,,,irhugat,inhucat,,,,1.0,2,,,,wihtagu,nihtaga,,,,0.0,4,,
inunrep,inunrep,NoErrorPoly,0,inunrep,rss,,,amdi,er,ion,7,mdaireino,,,mdai,re,ino,,,omdierion,amdiirion,amdieraon,,,0,0.0,0.0,,,mdiireino,mdaimeino,mdaireiyo,,,2,0.0,1.0
ediadminore,ediadminore,MonoSuffix2,1,atafulable,prss,,de,amdi,ion,er,10,ediadminore,,ed,iadm,ino,re,,peamdiioner,deandiioner,deamdiaoner,deamdiionew,,0.0,1,0.0,1.0,,ehiadminore,ediabminore,ediadmenore,ediadminome,,1.0,2,0.0,0.0
vedfulable,vedfulable,NoErrorPoly,0,vedfulable,prss,,un,hugat,ion,er,10,nutugahniore,,nu,tugah,nio,re,,enhugationer,unhegationer,unhugatiuner,unhugationew,,0.0,1,1.0,1.0,,rutugahniore,nutusahniore,nutugahniure,nutugahnioye,,0.0,2,2.0,0.0
edosaboinre,edosaboinre,NoErrorMono,0,lurfioner,prss,,de,abos,ion,er,9,edosaboinre,,ed,osab,oin,re,,daabosioner,deaposioner,deabosaoner,deabosionem,,1.0,1,0.0,1.0,,adosaboinre,edusaboinre,edosaboanre,edosaboinra,,0.0,0,1.0,1.0
erpaat,erpaat,NoErrorMono,0,cite,pr,,pre,ata,,,4,erpaat,,erp,aat,,,,pmeata,preaca,,,,1.0,1,,,,ertaat,erpaap,,,,2.0,2,,
hutgarenio,hutgarenio,NoErrorMono,0,deinhugat,rss,,,hugat,er,ion,9,hutgarenio,,,hutga,re,nio,,,hugiterion,hugatorion,hugaterioy,,,3,0.0,2.0,,,dutgarenio,hutganenio,hutgarenuo,,,0,0.0,1.0
ata,unomdi,Root,1,ata,pr,,un,amdi,,,3,nuadmi,,nu,admi,,,,anamdi,unomdi,,,,0.0,0,,,,neadmi,nuadme,,,,1.0,3,,
unhanful,unhanful,NoErrorPoly,0,unhanful,ppr,in,un,ems,,,8,ninusme,ni,nu,sme,,,imunems,inonems,inunams,,,1.0,0.0,0,,,winusme,nimusme,ninudme,,,0.0,0.0,0,,
preunlurf,preunlurf,NoErrorPoly,0,preunlurf,rss,,,lurf,ion,er,9,urlfinore,,,urlf,ino,re,,,lerfioner,lurfiener,lurfionar,,,1,1.0,0.0,,,urjfinore,urlfilore,urlfinome,,,2,1.0,0.0
deciteion,deciteion,NoErrorPoly,0,deciteion,ppr,de,un,hugat,,,9,ednutguha,ed,nu,tguha,,,seunhugat,deonhugat,deunhugit,,,0.0,0.0,3,,,ecnutguha,edwutguha,ednutgeha,,,1.0,0.0,2,,
prehugat,amdieble,Suffix1,1,prehugat,rs,,,amdi,able,,8,mdiablea,,,mdia,blea,,,,ardiable,amdieble,,,,1,0.0,,,,mduablea,mdiableo,,,,2,3.0,
niepresm,niepresm,NoErrorMono,0,unemsful,ppr,in,pre,ems,,,8,niepresm,ni,epr,esm,,,ilpreems,insreems,inpreoms,,,1.0,0.0,0,,,nuepresm,niapresm,nieprasm,,,1.0,0.0,0,,
hanioner,hanioner,NoErrorPoly,0,hanioner,prss,,de,hugat,ion,er,8,eduthagnoire,,ed,uthag,noi,re,,kehugationer,dehugahioner,dehugatianer,dehugationor,,0.0,4,1.0,0.0,,eputhagnoire,eduthognoire,eduthagnoare,eduthagnoile,,1.0,3,2.0,0.0
unprehugat,ataebleful,Suffix1,1,unprehugat,rss,,,ata,able,ful,10,aatleabflu,,,aat,leab,flu,,,ateableful,ataebleful,ataablefur,,,2,0.0,2.0,,,uatleabflu,aatneabflu,aatleabglu,,,0,0.0,0.0
perlrufuflebal,perlrufuflebal,NoErrorMono,0,aboserion,prss,,pre,lurf,ful,able,9,perlrufuflebal,,per,lruf,ufl,ebal,,prolurffulable,prelurdfulable,prelurfsulable,prelurffulabye,,2.0,3,0.0,2.0,,pewlrufuflebal,permrufuflebal,perlrufufwebal,perlrufuflebam,,2.0,0,2.0,3.0
hugat,dugat,Root,1,hugat,r,,,hugat,,,5,uatgh,,,uatgh,,,,,dugat,,,,,0,,,,,uatgk,,,,,4,,
amdi,amdi,NoErrorPoly,0,amdi,r,,,amdi,,,4,diam,,,diam,,,,,ardi,,,,,1,,,,,diaw,,,,,3,,
preamdiful,enprelurf,Prefix2,1,preamdiful,ppr,in,pre,lurf,,,10,niperrulf,ni,per,rulf,,,enprelurf,insrelurf,inprewurf,,,0.0,0.0,0,,,nuperrulf,niserrulf,niperrolf,,,1.0,0.0,1,,
indeamdi,viderion,Root,1,indeamdi,rss,,,ved,er,ion,8,devreoin,,,dev,re,oin,,,viderion,vedarion,vederiun,,,1,0.0,1.0,,,dovreoin,devraoin,devreein,,,1,1.0,0.0
edughatlaeb,edughatlaeb,NoErrorMono,0,hanable,prs,,de,hugat,able,,7,edughatlaeb,,ed,ughat,laeb,,,dahugatable,dehugahable,dehugateble,,,1.0,4,0.0,,,idughatlaeb,edughaclaeb,edughatraeb,,,0.0,4,0.0,
dehanioner,dehanioner,NoErrorPoly,0,dehanioner,pprs,de,un,ems,ful,,10,ednusemluf,ed,nu,sem,luf,,diunemsful,deuyemsful,deunemtful,deunemssul,,1.0,1.0,2,0.0,,epnusemluf,ednosemluf,ednuhemluf,ednusemlef,,1.0,1.0,0,1.0,
repfulable,repfulable,NoErrorPoly,0,repfulable,prss,,un,ata,ion,er,10,nuaatniore,,nu,aat,nio,re,,anataioner,unahaioner,unataiiner,unataionir,,0.0,1,1.0,0.0,,muaatniore,nuaadniore,nuaatniare,nuaatnione,,0.0,2,2.0,0.0
emsion,deabosagle,Suffix1,1,emsion,prs,,de,abos,able,,6,edabsolabe,,ed,abso,labe,,,teabosable,deebosable,deabosagle,,,0.0,0,1.0,,,adabsolabe,edebsolabe,edabsolaba,,,0.0,0,3.0,
edrluf,edlluf,MonoRoot,1,cite,pr,,de,lurf,,,4,edrluf,,ed,rluf,,,,selurf,delurh,,,,0.0,3,,,,adrluf,edlluf,,,,0.0,0,,
nierpnha,niertnha,MonoPrefix1,1,delurfable,ppr,in,pre,han,,,10,nierpnha,ni,erp,nha,,,onprehan,inprahan,inpreham,,,0.0,2.0,2,,,mierpnha,niertnha,nierplha,,,0.0,2.0,0,,
nusaob,nusaob,NoErrorMono,0,amdi,pr,,un,abos,,,4,nusaob,,nu,saob,,,,umabos,unabog,,,,1.0,3,,,,wusaob,nusaog,,,,0.0,3,,
ednightuablae,ednightuablae,NoErrorMono,0,inrepableful,pprs,de,in,hugat,able,,12,ednightuablae,ed,ni,ghtua,blae,,diinhugatable,deimhugatable,deinhugitable,deinhugatabwe,,1.0,1.0,3,2.0,,ecnightuablae,ednughtuablae,ednigstuablae,ednightuabmae,,1.0,1.0,1,1.0,
ataioner,deabosenion,Suffix1,1,ataioner,prss,,de,abos,er,ion,8,edobasreoni,,ed,obas,re,oni,,teaboserion,deaboterion,deabosenion,deaboserioy,,0.0,3,1.0,2.0,,idobasreoni,edebasreoni,edobasmeoni,edobasreomi,,0.0,0,0.0,1.0
eduhtgarenio,eduhtgamenio,MonoSuffix1,1,lurfableful,prss,,de,hugat,er,ion,11,eduhtgarenio,,ed,uhtga,re,nio,,dahugaterion,dehogaterion,dehugatemion,dehugateriun,,1.0,1,1.0,1.0,,iduhtgarenio,eduhttarenio,eduhtgamenio,eduhtgarenia,,0.0,3,0.0,2.0
amdiable,beemsion,Prefix1,1,amdiable,prs,,de,ems,ion,,8,edesmino,,ed,esm,ino,,,beemsion,deemdion,deemsaon,,,0.0,2,0.0,,,ehesmino,edesrino,edesmini,,,1.0,2,2.0,
prelurfful,prelurfful,NoErrorPoly,0,prelurfful,ppr,de,un,amdi,,,10,ednumdia,ed,nu,mdia,,,teunamdi,deuwamdi,deunamti,,,0.0,1.0,2,,,egnumdia,ednemdia,ednumdea,,,1.0,1.0,2,,
derepion,derepion,NoErrorPoly,0,derepion,ppr,in,de,rep,,,8,niedper,ni,ed,per,,,enderep,indorep,indelep,,,0.0,1.0,0,,,wiedper,niepper,niedser,,,0.0,1.0,0,,
ved,ved,NoErrorPoly,0,ved,pr,,de,abos,,,3,edbosa,,ed,bosa,,,,daabos,deaboh,,,,1.0,3,,,,ekbosa,edboso,,,,1.0,3,,
nuoasbluf,nuoasbluf,NoErrorMono,0,ataer,prs,,un,abos,ful,,5,nuoasbluf,,nu,oasb,luf,,,uyabosful,unabisful,unabostul,,,1.0,2,0.0,,,muoasbluf,nuoassluf,nuoasbmuf,,,0.0,3,0.0,
amdiion,amdiion,NoErrorPoly,0,amdiion,prs,,pre,lurf,able,,7,rpelufrebla,,rpe,lufr,ebla,,,prolurfable,prewurfable,prelurfabme,,,2.0,0,2.0,,,rpilufrebla,rpeluflebla,rpelufreblo,,,2.0,3,3.0,
preonire,preonire,MonoSuffix2,1,deinabos,rss,,,rep,ion,er,8,preonire,,,pre,oni,re,,,mepioner,repuoner,repionem,,,0,0.0,1.0,,,prionire,preonure,preonira,,,2,2.0,1.0
hugat,hugat,NoErrorPoly,0,hugat,pr,,de,ata,,,5,edtaa,,ed,taa,,,,ceata,deeta,,,,0.0,0,,,,ehtaa,edtoa,,,,1.0,1,,
miadlaebufl,miadlaebufl,NoErrorMono,0,inderep,rss,,,amdi,able,ful,7,miadlaebufl,,,miad,laeb,ufl,,,awdiableful,amdiahleful,amdiablefol,,,1,1.0,1.0,,,moadlaebufl,miadlaedufl,miadlaebufm,,,1,3.0,2.0
dehanioner,deunardiful,Root,1,dehanioner,pprs,de,un,amdi,ful,,10,ednudimalfu,ed,nu,dima,lfu,,dounamdiful,deuyamdiful,deunardiful,deunamdikul,,1.0,1.0,1,0.0,,udnudimalfu,ednidimalfu,ednupimalfu,ednudimalpu,,0.0,1.0,0,1.0,
eprdverenoi,eprdverenoi,NoErrorMono,0,hanioner,prss,,pre,ved,er,ion,8,eprdverenoi,,epr,dve,re,noi,,trevederion,prepederion,prevedemion,prevederiun,,0.0,0,1.0,1.0,,epmdverenoi,eprdberenoi,eprdveranoi,eprdverenai,,2.0,1,1.0,1.0
eddve,etdve,MonoPrefix1,1,rep,pr,,de,ved,,,3,eddve,,ed,dve,,,,ceved,dezed,,,,0.0,0,,,,etdve,edgve,,,,1.0,0,,
hugatfulable,enabosioner,Prefix1,1,hugatfulable,prss,,in,abos,ion,er,12,niabsoinore,,ni,abso,ino,re,,enabosioner,inabopioner,inabosooner,inabosionir,,0.0,3,0.0,0.0,,naabsoinore,niabpoinore,niabsoonore,niabsoinome,,1.0,2,0.0,0.0
inhugaterion,inhugaterion,NoErrorPoly,0,inhugaterion,pprs,in,de,cite,ful,,12,niedeitclfu,ni,ed,eitc,lfu,,ondeciteful,inpeciteful,indeceteful,indecitehul,,0.0,0.0,1,0.0,,yiedeitclfu,nieteitclfu,niedeibclfu,niedeitclsu,,0.0,1.0,2,1.0,
frluulf,frluuls,MonoSuffix1,1,preata,rs,,,lurf,ful,,6,frluulf,,,frlu,ulf,,,,luyfful,lurfdul,,,,2,0.0,,,,frmuulf,frluuls,,,,2,2.0,
hanioner,hanioner,NoErrorPoly,0,hanioner,prss,,in,amdi,able,ful,8,nimadiabelflu,,ni,madi,abel,flu,,anamdiableful,inumdiableful,inamdiabmeful,inamdiablefil,,0.0,0,2.0,1.0,,nemadiabelflu,nimahiabelflu,nimadiebelflu,nimadiabelfru,,1.0,2,0.0,1.0
ataion,pwelurfable,Prefix1,1,ataion,prs,,pre,lurf,able,,6,peruflrleab,,per,uflr,leab,,,pwelurfable,prelirfable,prelurfasle,,,1.0,1,1.0,,,paruflrleab,peroflrleab,peruflrleap,,,1.0,0,3.0,
edtaa,edtae,MonoRoot,1,hugat,pr,,de,ata,,,5,edtaa,,ed,taa,,,,diata,deato,,,,1.0,2,,,,ectaa,edtae,,,,1.0,2,,
edulrf,edulrf,NoErrorMono,0,ems,pr,,de,lurf,,,3,edulrf,,ed,ulrf,,,,pelurf,delurb,,,,0.0,3,,,,odulrf,edunrf,,,,0.0,1,,
ata,ata,NoErrorPoly,0,ata,r,,,ata,,,3,aat,,,aat,,,,,ati,,,,,2,,,,,aot,,,,,1,,
inved,inved,NoErrorPoly,0,inved,rs,,,amdi,ion,,5,dimanoi,,,dima,noi,,,,amdaion,amdiior,,,,3,2.0,,,,dumanoi,dimanoe,,,,1,2.0,
preinrep,preinrep,NoErrorPoly,0,preinrep,rss,,,han,ion,er,8,hnaonire,,,hna,oni,re,,,harioner,hanianer,hanionem,,,2,1.0,1.0,,,hnoonire,hnaenire,hnaonira,,,2,0.0,1.0
delurfableful,deiwhugation,Prefix1,1,delurfableful,pprs,de,in,hugat,ion,,13,ednitgahuoni,ed,ni,tgahu,oni,,doinhugation,deiwhugation,deintugation,deinhugatian,,1.0,1.0,0,1.0,,adnitgahuoni,ednutgahuoni,ednitdahuoni,ednitgahuowi,,0.0,1.0,1,1.0,
prehugat,prehugat,NoErrorPoly,0,prehugat,rs,,,ems,ion,,8,mesnoi,,,mes,noi,,,,embion,emseon,,,,2,0.0,,,,mepnoi,mesmoi,,,,2,0.0,
hugat,huhat,Root,1,hugat,r,,,hugat,,,5,tugha,,,tugha,,,,,huhat,,,,,2,,,,,tughe,,,,,4,,
emsion,prehugator,Suffix1,1,emsion,prs,,pre,hugat,er,,6,perutgahre,,per,utgah,re,,,prahugater,prehagater,prehugator,,,2.0,1,0.0,,,serutgahre,peretgahre,perutgahra,,,0.0,0,1.0,
nurpelrufnio,nurpelrufnio,NoErrorMono,0,unhugationer,pprs,un,pre,lurf,ion,,12,nurpelrufnio,nu,rpe,lruf,nio,,umprelurfion,unprolurfion,unprerurfion,unprelurfien,,1.0,2.0,0,1.0,,rurpelrufnio,nurpilrufnio,nurpewrufnio,nurpelrufneo,,0.0,2.0,0,1.0,
deprehugat,ersfulable,Root,1,deprehugat,rss,,,ems,ful,able,10,esmufllbae,,,esm,ufl,lbae,,,ersfulable,emspulable,emsfuleble,,,1,0.0,0.0,,,ismufllbae,esmofllbae,esmufllbee,,,0,0.0,2.0
nirflunoire,nirflunoire,NoErrorMono,0,vedioner,prss,,in,lurf,ion,er,8,nirflunoire,,ni,rflu,noi,re,,imlurfioner,inyurfioner,inlurfiorer,inlurfionew,,1.0,0,2.0,1.0,,lirflunoire,nirfrunoire,nirfluwoire,nirflunoile,,0.0,2,0.0,0.0
rep,red,Root,1,rep,r,,,rep,,,3,epr,,,epr,,,,,red,,,,,2,,,,,epw,,,,,2,,
devedableful,uninaboter,Root,1,devedableful,pprs,un,in,abos,er,,12,nuniosbare,nu,ni,osba,re,,urinaboser,unenaboser,uninaboter,uninabosur,,1.0,0.0,3,0.0,,muniosbare,nuyiosbare,nuniesbare,nuniosbara,,0.0,0.0,0,1.0,
ednutcei,ednutcei,NoErrorMono,0,preciteable,ppr,de,un,cite,,,11,ednutcei,ed,nu,tcei,,,beuncite,deurcite,deundite,,,0.0,1.0,0,,,ehnutcei,ednatcei,ednutceo,,,1.0,1.0,3,,
ednitaaino,ednitaaino,NoErrorMono,0,dehanerion,pprs,de,in,ata,ion,,10,ednitaaino,ed,ni,taa,ino,,peinataion,deimataion,deinotaion,deinataiin,,0.0,1.0,0,1.0,,odnitaaino,edlitaaino,edniteaino,ednitaaina,,0.0,0.0,1,2.0,
amdiableful,diciteableful,Prefix1,1,amdiableful,prss,,de,cite,able,ful,11,ediectelablfu,,ed,iect,elab,lfu,,diciteableful,decipeableful,deciteabmeful,deciteablehul,,1.0,2,2.0,0.0,,etiectelablfu,eduectelablfu,ediectelaxlfu,ediectelablvu,,1.0,0,3.0,1.0
ata,eta,Root,1,ata,r,,,ata,,,3,aat,,,aat,,,,,eta,,,,,0,,,,,uat,,,,,0,,
nirpe,nimpe,MonoRoot,1,ata,pr,,in,rep,,,3,nirpe,,ni,rpe,,,,imrep,inyep,,,,1.0,0,,,,norpe,nimpe,,,,1.0,0,,
aatre,aatre,NoErrorMono,0,uncite,rs,,,ata,er,,6,aatre,,,aat,re,,,,otaer,ataor,,,,0,0.0,,,,aotre,aatro,,,,1,1.0,
emsable,emsable,NoErrorPoly,0,emsable,prs,,in,amdi,er,,7,niimadre,,ni,imad,re,,,iramdier,inamdeer,inamdiar,,,1.0,3,0.0,,,miimadre,niimodre,niimadro,,,0.0,2,1.0,
nuevd,neevd,MonoPrefix1,1,han,pr,,un,ved,,,3,nuevd,,nu,evd,,,,urved,unvad,,,,1.0,1,,,,neevd,nuivd,,,,1.0,0,,
han,preemh,Root,1,han,pr,,pre,ems,,,3,repesm,,rep,esm,,,,praems,preemh,,,,2.0,2,,,,resesm,repebm,,,,2.0,1,,
edeticre,edeticre,NoErrorMono,0,hanable,prs,,de,cite,er,,7,edeticre,,ed,etic,re,,,daciteer,decideer,decitear,,,1.0,2,0.0,,,eheticre,edecicre,edeticne,,,1.0,1,0.0,
lurfful,inamsable,Root,1,lurfful,prs,,in,ems,able,,7,nismebeal,,ni,sme,beal,,,enemsable,inamsable,inemsablo,,,0.0,0,3.0,,,mismebeal,nismobeal,nismedeal,,,0.0,2,0.0,
ahnflu,ahnflu,NoErrorMono,0,inlurf,rs,,,han,ful,,6,ahnflu,,,ahn,flu,,,,henful,hanfol,,,,1,1.0,,,,ohnflu,ahnfle,,,,0,2.0,
hugat,hugit,Root,1,hugat,r,,,hugat,,,5,gauht,,,gauht,,,,,hugit,,,,,3,,,,,gaeht,,,,,2,,
unciteableful,unciteableful,NoErrorPoly,0,unciteableful,pprs,in,pre,ems,ful,,13,nierpmseufl,ni,erp,mse,ufl,,iypreemsful,inpriemsful,inpreemhful,inpreemstul,,1.0,2.0,2,0.0,,rierpmseufl,niervmseufl,nierprseufl,nierpmseofl,,0.0,2.0,0,0.0,
nivde,nivde,NoErrorMono,0,hugat,pr,,in,ved,,,5,nivde,,ni,vde,,,,imved,invod,,,,1.0,1,,,,yivde,nivda,,,,0.0,2,,
niper,niper,NoErrorMono,0,lurf,pr,,in,rep,,,4,niper,,ni,per,,,,ijrep,inrip,,,,1.0,1,,,,neper,nipor,,,,1.0,1,,
han,han,NoErrorPoly,0,han,pr,,pre,han,,,3,repnah,,rep,nah,,,,pyehan,prehen,,,,1.0,1,,,,mepnah,repmah,,,,0.0,0,,
tiecoinre,tiecoinre,NoErrorMono,0,preunrep,rss,,,cite,ion,er,8,tiecoinre,,,tiec,oin,re,,,ceteioner,citeooner,citeionar,,,1,0.0,0.0,,,tietoinre,tiecainre,tiecoinwe,,,3,0.0,0.0
edninha,edninhi,MonoRoot,1,unemsion,ppr,de,in,han,,,8,edninha,ed,ni,nha,,,ceinhan,deiyhan,deinhal,,,0.0,1.0,2,,,ehninha,ednenha,edninhi,,,1.0,1.0,2,,
prehanful,prehanful,NoErrorPoly,0,prehanful,ppr,in,pre,cite,,,9,nieprciet,ni,epr,ciet,,,onprecite,ingrecite,inprecive,,,0.0,0.0,2,,,neeprciet,niaprciet,nieprtiet,,,1.0,0.0,0,,
rulfflublea,rulfflablea,MonoSuffix1,1,unpreamdi,rss,,,lurf,ful,able,9,rulfflublea,,,rulf,flu,blea,,,lunffulable,lurfsulable,lurffulakle,,,2,0.0,1.0,,,rulpflublea,rulfflablea,rulfflubmea,,,3,2.0,1.0
repable,repable,NoErrorPoly,0,repable,prs,,in,rep,er,,7,niperre,,ni,per,re,,,anreper,inreser,inrepir,,,0.0,2,0.0,,,miperre,nipemre,niperra,,,0.0,2,1.0,
anhonire,anhonire,NoErrorMono,0,depreamdi,rss,,,han,ion,er,9,anhonire,,,anh,oni,re,,,panioner,haniuner,hanionor,,,0,1.0,0.0,,,anponire,anhowire,anhoniro,,,2,1.0,1.0
devre,devre,NoErrorMono,0,deved,rs,,,ved,er,,5,devre,,,dev,re,,,,peder,vedew,,,,0,1.0,,,,degre,devme,,,,2,0.0,
permes,parmes,MonoPrefix1,1,ved,pr,,pre,ems,,,3,permes,,per,mes,,,,praems,preoms,,,,2.0,0,,,,parmes,perles,,,,1.0,0,,
unamdiable,preenved,Prefix1,1,unamdiable,ppr,pre,un,ved,,,10,repnuevd,rep,nu,evd,,,praunved,preenved,preunced,,,2.0,0.0,0,,,rebnuevd,repmuevd,repnuevs,,,2.0,0.0,2,,
nisemniore,nisemniore,MonoSuffix2,1,vedableful,prss,,in,ems,ion,er,10,nisemniore,,ni,sem,nio,re,,onemsioner,inumsioner,inemsaoner,inemsionir,,0.0,0,0.0,0.0,,yisemniore,nipemniore,nisemniare,nisemniori,,0.0,0,2.0,1.0
inhanioner,pradeamdier,Prefix2,1,inhanioner,pprs,pre,de,amdi,er,,10,epredadimre,epr,ed,adim,re,,pradeamdier,predoamdier,predeamdeer,predeamdior,,2.0,1.0,3,0.0,,ehredadimre,epridadimre,epredademre,epredadimro,,1.0,0.0,2,1.0,
pernitghua,pernitghua,NoErrorMono,0,preamdiable,ppr,pre,in,hugat,,,11,pernitghua,per,ni,tghua,,,treinhugat,preanhugat,preinhugot,,,0.0,0.0,3,,,pornitghua,perritghua,pernivghua,,,1.0,0.0,0,,
devederion,indehanir,Suffix1,1,devederion,pprs,in,de,han,er,,10,niednahre,ni,ed,nah,re,,andehaner,indihaner,indehiner,indehanir,,0.0,1.0,1,0.0,,riednahre,niesnahre,niedlahre,niednahne,,0.0,1.0,0,0.0,
idamniore,idamniore,MonoSuffix2,1,preinhan,rss,,,amdi,ion,er,8,idamniore,,,idam,nio,re,,,ardiioner,amdiiomer,amdiionor,,,1,2.0,0.0,,,idemniore,idamriore,idamniowe,,,2,0.0,0.0
rep,rep,NoErrorPoly,0,rep,pr,,de,han,,,3,edhna,,ed,hna,,,,sehan,deham,,,,0.0,2,,,,odhna,edhma,,,,0.0,1,,
nihnalbaeulf,nihnalbaeulf,NoErrorMono,0,hugationer,prss,,in,han,able,ful,10,nihnalbaeulf,,ni,hna,lbae,ulf,,enhanableful,inpanableful,inhanabyeful,inhanabledul,,0.0,0,2.0,0.0,,nehnalbaeulf,nitnalbaeulf,nihnalbueulf,nihnalbaeulp,,1.0,0,2.0,2.0
inhugat,inhugat,NoErrorPoly,0,inhugat,rs,,,amdi,er,,7,mdaire,,,mdai,re,,,,andier,amdiir,,,,1,0.0,,,,mdoire,mdaira,,,,2,1.0,
rpeectilaeb,rpeectilaeb,NoErrorMono,0,aboser,prs,,pre,cite,able,,6,rpeectilaeb,,rpe,ecti,laeb,,,pmeciteable,prefiteable,preciteabwe,,,1.0,0,2.0,,,rseectilaeb,rpeettilaeb,rpeectileeb,,,1.0,1,1.0,
deveder,endehugat,Prefix2,1,deveder,ppr,un,de,hugat,,,7,nuedghtau,nu,ed,ghtau,,,endehugat,untehugat,undehogat,,,0.0,0.0,1,,,niedghtau,nuesghtau,nuedghhau,,,1.0,1.0,2,,
vedable,vedable,NoErrorPoly,0,vedable,prs,,un,cite,ful,,7,nuitcelfu,,nu,itce,lfu,,,enciteful,unceteful,uncitebul,,,0.0,1,0.0,,,noitcelfu,nuetcelfu,nuitcelvu,,,1.0,0,1.0,
citeion,citeion,NoErrorPoly,0,citeion,prs,,de,lurf,ful,,7,edfrullfu,,ed,frul,lfu,,,dolurfful,delurpful,delurffuy,,,1.0,3,2.0,,,idfrullfu,edfrellfu,edfrullfi,,,0.0,2,2.0,
amdiioner,delurfarion,Suffix1,1,amdiioner,prss,,de,lurf,er,ion,9,edfurlreoin,,ed,furl,re,oin,,dilurferion,demurferion,delurfarion,delurferaon,,1.0,0,0.0,0.0,,epfurlreoin,edfurmreoin,edfurlrooin,edfurlreoil,,1.0,3,1.0,2.0
preved,aldiion,Root,1,preved,rs,,,amdi,ion,,6,madioni,,,madi,oni,,,,aldiion,amdieon,,,,1,0.0,,,,makioni,madione,,,,2,2.0,
abosfulable,abosfulable,NoErrorPoly,0,abosfulable,prss,,un,rep,ion,er,11,nupreonire,,nu,pre,oni,re,,umrepioner,unrupioner,unrepeoner,unrepionel,,1.0,1,0.0,1.0,,nepreonire,nupraonire,nupreomire,nupreoniro,,1.0,2,1.0,1.0
amdier,amdier,NoErrorPoly,0,amdier,prs,,un,lurf,ful,,6,nuurlfufl,,nu,urlf,ufl,,,enlurfful,unlorfful,unlurffum,,,0.0,1,2.0,,,muurlfufl,nuurrfufl,nuurlfucl,,,0.0,2,1.0,
epreproin,opreproin,MonoPrefix1,1,lurfful,prs,,pre,rep,ion,,7,epreproin,,epr,epr,oin,,,pmerepion,prerapion,prerepioy,,,1.0,1,2.0,,,opreproin,eprepyoin,epreproan,,,0.0,2,1.0,
precite,precite,NoErrorPoly,0,precite,rs,,,hugat,ful,,7,ugahtlfu,,,ugaht,lfu,,,,hutatful,hugatfum,,,,2,2.0,,,,ugihtlfu,ugahtmfu,,,,2,0.0,
ednupre,ednupre,NoErrorMono,0,deamdiable,ppr,de,un,rep,,,10,ednupre,ed,nu,pre,,,peunrep,deonrep,deunmep,,,0.0,0.0,0,,,ebnupre,ednepre,ednupra,,,1.0,1.0,2,,
ems,ems,NoErrorPoly,0,ems,r,,,ems,,,3,sem,,,sem,,,,,eys,,,,,1,,,,,sim,,,,,1,,
oabsoinre,oabsoinre,NoErrorMono,0,deunrep,rss,,,abos,ion,er,7,oabsoinre,,,oabs,oin,re,,,akosioner,abosuoner,abosionew,,,1,0.0,1.0,,,oobsoinre,oabsoiyre,oabsoinle,,,1,2.0,0.0
nirpebaos,nirpabaos,MonoPrefix1,1,prerepful,ppr,in,pre,abos,,,9,nirpebaos,ni,rpe,baos,,,impreabos,inpmeabos,inpreabot,,,1.0,1.0,3,,,mirpebaos,nirpabaos,nirpebaod,,,0.0,2.0,3,,
prevedfulable,predeamdieon,Suffix1,1,prevedfulable,pprs,pre,de,amdi,ion,,13,epreddamiino,epr,ed,dami,ino,,bredeamdiion,preheamdiion,predeandiion,predeamdieon,,0.0,0.0,1,0.0,,epmeddamiino,epriddamiino,epreddamoino,epreddamiini,,2.0,0.0,3,2.0,
prehanerion,prehanerion,NoErrorPoly,0,prehanerion,pprs,in,pre,ved,ion,,11,nirpedvenoi,ni,rpe,dve,noi,,irprevedion,inpmevedion,inprevadion,inprevediol,,1.0,1.0,1,2.0,,norpedvenoi,nirxedvenoi,nirpedsenoi,nirpedvemoi,,1.0,1.0,1,0.0,
thaugre,thaugre,NoErrorMono,0,dehugat,rs,,,hugat,er,,7,thaugre,,,thaug,re,,,,hugoter,hugator,,,,3,0.0,,,,thaigre,thaugme,,,,3,0.0,
eprninahre,eprninahre,NoErrorMono,0,deemsfulable,pprs,pre,in,han,er,,12,eprninahre,epr,ni,nah,re,,proinhaner,preimhaner,preinhener,preinhanor,,2.0,1.0,1,0.0,,epwninahre,eprnanahre,eprnimahre,eprninahme,,2.0,1.0,0,0.0,
unlurfful,unlurfful,NoErrorPoly,0,unlurfful,ppr,un,pre,rep,,,9,nuerprpe,nu,erp,rpe,,,onprerep,unpyerep,unpremep,,,0.0,1.0,0,,,noerprpe,nuersrpe,nuerpwpe,,,1.0,2.0,0,,
erpedlfru,erpedlhru,MonoRoot,1,preabosful,ppr,pre,de,lurf,,,10,erpedlfru,erp,ed,lfru,,,pridelurf,prehelurf,predelumf,,,2.0,0.0,2,,,ejpedlfru,erpetlfru,erpedlhru,,,1.0,1.0,1,,
prehugatfulable,prehugatfulable,NoErrorPoly,0,prehugatfulable,pprs,de,in,abos,ion,,15,edniosabino,ed,ni,osab,ino,,dainabosion,deiyabosion,deinabovion,deinabosiol,,1.0,1.0,3,2.0,,idniosabino,edyiosabino,edniosatino,edniosabinu,,0.0,0.0,3,2.0,
itcerenio,itcerenio,NoErrorMono,0,predeata,rss,,,cite,er,ion,8,itcerenio,,,itce,re,nio,,,citaerion,citeemion,citeerior,,,3,1.0,2.0,,,otcerenio,itceranio,itcereneo,,,0,1.0,1.0
repsme,mepsme,MonoPrefix1,1,amdi,pr,,pre,ems,,,4,repsme,,rep,sme,,,,priems,preoms,,,,2.0,0,,,,mepsme,reptme,,,,0.0,0,,
edninhare,edninhare,NoErrorMono,0,preaboserion,pprs,de,in,han,er,,12,edninhare,ed,ni,nha,re,,ceinhaner,deilhaner,deinsaner,deinhanem,,0.0,1.0,0,1.0,,adninhare,edminhare,edninhore,edninhara,,0.0,0.0,2,1.0,
inemser,predarep,Prefix1,1,inemser,ppr,pre,de,rep,,,7,epredepr,epr,ed,epr,,,crederep,predarep,predereh,,,0.0,1.0,2,,,ipredepr,epretepr,eprededr,,,0.0,1.0,1,,
iectre,iectre,NoErrorMono,0,derep,rs,,,cite,er,,5,iectre,,,iect,re,,,,titeer,citeel,,,,0,1.0,,,,iestre,iectme,,,,2,0.0,
nuedahnnoi,ruedahnnoi,MonoPrefix2,1,prehugationer,pprs,un,de,han,ion,,13,nuedahnnoi,nu,ed,ahn,noi,,andehanion,unhehanion,undesanion,undehaneon,,0.0,0.0,0,0.0,,ruedahnnoi,nuadahnnoi,nuedahmnoi,nuedahnnai,,0.0,0.0,2,1.0,
hugat,hugat,NoErrorPoly,0,hugat,pr,,de,lurf,,,5,edlufr,,ed,lufr,,,,celurf,derurf,,,,0.0,0,,,,etlufr,ednufr,,,,1.0,0,,
nahoin,nahain,MonoSuffix1,1,prehan,rs,,,han,ion,,6,nahoin,,,nah,oin,,,,canion,hanoon,,,,0,0.0,,,,rahoin,nahain,,,,0,0.0,
niaatlfu,niaotlfu,MonoRoot,1,amdiion,prs,,in,ata,ful,,7,niaatlfu,,ni,aat,lfu,,,enataful,inavaful,inatavul,,,0.0,1,0.0,,,miaatlfu,niaotlfu,niaatlfe,,,0.0,1,2.0,
amdi,duhugat,Prefix1,1,amdi,pr,,de,hugat,,,4,edguhta,,ed,guhta,,,,duhugat,dehupat,,,,1.0,2,,,,odguhta,edgucta,,,,0.0,2,,
delurfioner,indelurber,Root,1,delurfioner,pprs,in,de,lurf,er,,11,niedfulrre,ni,ed,fulr,re,,undelurfer,inselurfer,indelurber,indelurfir,,0.0,0.0,3,0.0,,riedfulrre,niadfulrre,niedfolrre,niedfulrra,,0.0,0.0,1,1.0,
hugat,hugat,NoErrorPoly,0,hugat,r,,,hugat,,,5,thgua,,,thgua,,,,,hugit,,,,,3,,,,,thgui,,,,,4,,
ataful,ataful,NoErrorPoly,0,ataful,prs,,de,rep,ion,,6,edperoni,,ed,per,oni,,,serepion,deripion,derepeon,,,0.0,1,0.0,,,adperoni,edparoni,edperini,,,0.0,1,0.0,
preabos,halable,Root,1,preabos,rs,,,han,able,,7,ahnlbea,,,ahn,lbea,,,,halable,hanabla,,,,2,3.0,,,,ehnlbea,ahnldea,,,,0,1.0,
persboa,persboa,NoErrorMono,0,rep,pr,,pre,abos,,,3,persboa,,per,sboa,,,,pyeabos,preatos,,,,1.0,1,,,,porsboa,perscoa,,,,1.0,1,,
unaboserion,unaboserion,NoErrorPoly,0,unaboserion,pprs,de,pre,cite,ful,,11,edrepectiluf,ed,rep,ecti,luf,,dipreciteful,deprociteful,depretiteful,deprecitefel,,1.0,2.0,0,1.0,,adrepectiluf,edmepectiluf,edrepehtiluf,edrepectilef,,0.0,0.0,1,1.0,
oabsreoni,oabsreoni,MonoSuffix2,1,inunamdi,rss,,,abos,er,ion,8,oabsreoni,,,oabs,re,oni,,,aboherion,abosirion,aboseriol,,,3,0.0,2.0,,,uabsreoni,oabsleoni,oabsreori,,,0,0.0,1.0
prerep,hugatatle,Suffix1,1,prerep,rs,,,hugat,able,,6,tughaelba,,,tugha,elba,,,,hugacable,hugatatle,,,,4,1.0,,,,tugsaelba,tughaelfa,,,,3,2.0,
lurffulable,lurffulable,NoErrorPoly,0,lurffulable,prss,,de,hugat,er,ion,11,edaghtureoin,,ed,aghtu,re,oin,,dohugaterion,dehusaterion,dehugatirion,dehugaterioy,,1.0,2,0.0,2.0,,evaghtureoin,edagptureoin,edaghturaoin,edaghtureoiy,,1.0,2,1.0,2.0
aatuflelab,aatufmelab,MonoSuffix1,1,depreabos,rss,,,ata,ful,able,9,aatuflelab,,,aat,ufl,elab,,,utafulable,atafumable,atafuleble,,,0,2.0,0.0,,,aituflelab,aatufmelab,aatuflolab,,,1,2.0,0.0
ataableful,unvedabletul,Suffix2,1,ataableful,prss,,un,ved,able,ful,10,nudvebelaluf,,nu,dve,bela,luf,,umvedableful,unvesableful,unvedabmeful,unvedabletul,,1.0,2,2.0,0.0,,nedvebelaluf,nudkebelaluf,nudvebeleluf,nudvebelaluh,,1.0,1,3.0,2.0
amdi,ardi,Root,1,amdi,r,,,amdi,,,4,dami,,,dami,,,,,ardi,,,,,1,,,,,pami,,,,,0,,
edecti,edechi,MonoRoot,1,abos,pr,,de,cite,,,4,edecti,,ed,ecti,,,,docite,detite,,,,1.0,0,,,,efecti,edechi,,,,1.0,2,,
eprnoi,esrnoi,MonoRoot,1,prehugat,rs,,,rep,ion,,8,eprnoi,,,epr,noi,,,,mepion,repiom,,,,0,2.0,,,,esrnoi,eprnii,,,,1,1.0,
erpulfr,erpulfr,NoErrorMono,0,abos,pr,,pre,lurf,,,4,erpulfr,,erp,ulfr,,,,pralurf,preyurf,,,,2.0,0,,,,erhulfr,erpultr,,,,2.0,2,,
inata,inata,NoErrorPoly,0,inata,rs,,,hugat,ion,,5,gatuhnoi,,,gatuh,noi,,,,sugation,hugateon,,,,0,0.0,,,,gatehnoi,gatuhnoa,,,,3,2.0,
ata,preasa,Root,1,ata,pr,,pre,ata,,,3,rpeaat,,rpe,aat,,,,proata,preasa,,,,2.0,1,,,,rceaat,rpeaas,,,,1.0,2,,
nuedevd,nuedovd,MonoRoot,1,deemsful,ppr,un,de,ved,,,8,nuedevd,nu,ed,evd,,,endeved,undoved,undeted,,,0.0,1.0,0,,,niedevd,nuesevd,nuedovd,,,1.0,1.0,0,,
pericetnoire,tericetnoire,MonoPrefix1,1,emsableful,prss,,pre,cite,ion,er,10,pericetnoire,,per,icet,noi,re,,treciteioner,precitiioner,preciteeoner,preciteionar,,0.0,3,0.0,0.0,,tericetnoire,perucetnoire,pericetmoire,pericetnoiru,,0.0,0,0.0,1.0
ninuhautgeabl,ninuhautgeabl,NoErrorMono,0,deamdifulable,pprs,in,un,hugat,able,,13,ninuhautgeabl,ni,nu,hautg,eabl,,imunhugatable,inumhugatable,inunsugatable,inunhugateble,,1.0,1.0,0,0.0,,linuhautgeabl,ninihautgeabl,ninuhaetgeabl,ninuhautgeapl,,0.0,1.0,2,2.0,
predeamdi,asaerion,Root,1,predeamdi,rss,,,ata,er,ion,9,taareoin,,,taa,re,oin,,,asaerion,ataurion,ataeriin,,,1,0.0,1.0,,,teareoin,taaraoin,taareoon,,,1,1.0,1.0
nirepsoab,nerepsoab,MonoPrefix2,1,prehanion,ppr,in,pre,abos,,,9,nirepsoab,ni,rep,soab,,,anpreabos,inpmeabos,inpreados,,,0.0,1.0,1,,,nerepsoab,niropsoab,nirepsoah,,,1.0,1.0,3,,
edniaosbulf,edniaosbulf,NoErrorMono,0,unamdiioner,pprs,de,in,abos,ful,,11,edniaosbulf,ed,ni,aosb,ulf,,heinabosful,deirabosful,deinobosful,deinabostul,,0.0,1.0,0,0.0,,adniaosbulf,ednuaosbulf,edniaosdulf,edniaosburf,,0.0,1.0,3,1.0,
citeableful,citeableful,NoErrorPoly,0,citeableful,prss,,pre,han,ful,able,11,eprnahlfuelba,,epr,nah,lfu,elba,,pyehanfulable,prehawfulable,prehanhulable,prehanfulasle,,1.0,2,0.0,1.0,,epynahlfuelba,eprmahlfuelba,eprnahlhuelba,eprnahlfuelfa,,2.0,0,1.0,2.0
nuanhleabulf,nuanvleabulf,MonoRoot,1,citeableful,prss,,un,han,able,ful,11,nuanhleabulf,,nu,anh,leab,ulf,,anhanableful,unhamableful,unhanahleful,unhanablefol,,0.0,2,1.0,1.0,,neanhleabulf,nuanvleabulf,nuanhreabulf,nuanhleabult,,1.0,2,0.0,2.0
cite,dohan,Prefix1,1,cite,pr,,de,han,,,4,edahn,,ed,ahn,,,,dohan,dehen,,,,1.0,1,,,,esahn,edahl,,,,1.0,2,,
edepraghtuoin,edepraghtuein,MonoSuffix1,1,deamdifulable,pprs,de,pre,hugat,ion,,13,edepraghtuoin,ed,epr,aghtu,oin,,diprehugation,detrehugation,deprehugetion,deprehugatian,,1.0,0.0,3,1.0,,ekepraghtuoin,edepmaghtuoin,edepraghtioin,edepraghtuein,,1.0,2.0,4,0.0,
pervdeulf,pirvdeulf,MonoPrefix1,1,citeion,prs,,pre,ved,ful,,7,pervdeulf,,per,vde,ulf,,,pmevedful,prevadful,prevedfel,,,1.0,1,1.0,,,pirvdeulf,pervdoulf,pervdeilf,,,1.0,2,0.0,
nupernahoin,nuperrahoin,MonoRoot,1,unvedfulable,pprs,un,pre,han,ion,,12,nupernahoin,nu,per,nah,oin,,uyprehanion,unpmehanion,unprehenion,unprehanian,,1.0,1.0,1,1.0,,lupernahoin,nupirnahoin,nuperrahoin,nupernahain,,0.0,1.0,0,0.0,
aobsoin,aobsoir,MonoSuffix1,1,unems,rs,,,abos,ion,,5,aobsoin,,,aobs,oin,,,,ebosion,abosiol,,,,0,2.0,,,,aobcoin,aobsoir,,,,3,2.0,
dimaoni,dimaoni,NoErrorMono,0,inhugat,rs,,,amdi,ion,,7,dimaoni,,,dima,oni,,,,amhiion,amdiien,,,,2,1.0,,,,diraoni,dimaono,,,,2,2.0,
indelurf,indelurf,NoErrorPoly,0,indelurf,rss,,,ata,ion,er,8,taanoire,,,taa,noi,re,,,acaioner,atauoner,ataionor,,,1,0.0,0.0,,,taonoire,taaneire,taanoime,,,2,1.0,0.0
preinamdi,abosculable,Suffix1,1,preinamdi,rss,,,abos,ful,able,9,asbolfubael,,,asbo,lfu,bael,,,abocfulable,abosculable,abosfulahle,,,3,0.0,1.0,,,esbolfubael,asbolfobael,asbolfubaal,,,0,2.0,2.0
edsbaoealbluf,edsbaoealbluf,NoErrorMono,0,emsioner,prss,,de,abos,able,ful,8,edsbaoealbluf,,ed,sbao,ealb,luf,,peabosableful,deabesableful,deabosabyeful,deabosablefel,,0.0,2,2.0,1.0,,idsbaoealbluf,edsbioealbluf,edsbaoealtluf,edsbaoealblaf,,0.0,2,3.0,1.0
unlurfion,unlurfion,NoErrorPoly,0,unlurfion,ppr,pre,de,hugat,,,9,epredugtha,epr,ed,ugtha,,,prodehugat,pretehugat,predehugac,,,2.0,0.0,4,,,apredugtha,eprodugtha,epredugbha,,,0.0,0.0,2,,
edtauhgalbeufl,odtauhgalbeufl,MonoPrefix1,1,amdiableful,prss,,de,hugat,able,ful,11,edtauhgalbeufl,,ed,tauhg,albe,ufl,,dohugatableful,dehubatableful,dehugatibleful,dehugatablefuw,,1.0,2,0.0,2.0,,odtauhgalbeufl,edtaahgalbeufl,edtauhgalseufl,edtauhgalbeufr,,0.0,2,2.0,2.0
ata,ata,NoErrorPoly,0,ata,r,,,ata,,,3,taa,,,taa,,,,,ate,,,,,2,,,,,tia,,,,,1,,
preciteful,preciteful,NoErrorPoly,0,preciteful,ppr,in,de,abos,,,10,niedasbo,ni,ed,asbo,,,iydeabos,inheabos,indeabas,,,1.0,0.0,2,,,needasbo,nietasbo,niedasbe,,,1.0,1.0,3,,
edeprnio,edeprnio,NoErrorMono,0,lurfion,prs,,de,rep,ion,,7,edeprnio,,ed,epr,nio,,,perepion,derehion,derepien,,,0.0,2,1.0,,,eseprnio,edefrnio,edeprmio,,,1.0,1,0.0,
derep,derep,NoErrorPoly,0,derep,rs,,,lurf,er,,5,rulfre,,,rulf,re,,,,lerfer,lurfej,,,,1,1.0,,,,rulpre,rulfro,,,,3,1.0,
inabosful,indehucat,Root,1,inabosful,ppr,in,de,hugat,,,9,niedahutg,ni,ed,ahutg,,,andehugat,intehugat,indehucat,,,0.0,0.0,2,,,miedahutg,niidahutg,niedohutg,,,0.0,0.0,0,,
ataion,ataion,NoErrorPoly,0,ataion,prs,,un,cite,ion,,6,nutiecino,,nu,tiec,ino,,,enciteion,uncideion,unciteuon,,,0.0,2,0.0,,,natiecino,nuteecino,nutieceno,,,1.0,1,0.0,
daimre,dairre,MonoRoot,1,unhan,rs,,,amdi,er,,5,daimre,,,daim,re,,,,omdier,amdiem,,,,0,1.0,,,,dairre,daimme,,,,3,0.0,
inlurffulable,inlurffulable,NoErrorPoly,0,inlurffulable,pprs,pre,de,ata,ful,,13,peredaatufl,per,ed,aat,ufl,,prodeataful,predoataful,predeotaful,predeatafuw,,2.0,1.0,0,2.0,,seredaatufl,peretaatufl,perediatufl,peredaatusl,,0.0,1.0,0,1.0,
ata,ata,NoErrorPoly,0,ata,r,,,ata,,,3,aat,,,aat,,,,,ate,,,,,2,,,,,aet,,,,,1,,
hugation,hugation,NoErrorPoly,0,hugation,prs,,de,amdi,er,,8,edmadire,,ed,madi,re,,,doamdier,deamdoer,deamdiar,,,1.0,3,0.0,,,epmadire,edmadore,edmadira,,,1.0,3,1.0,
niedauhtgre,niedauhtgle,MonoSuffix1,1,deciteerion,pprs,in,de,hugat,er,,11,niedauhtgre,ni,ed,auhtg,re,,ildehugater,indahugater,indehugaher,indehugatel,,1.0,1.0,4,1.0,,needauhtgre,niefauhtgre,niedauhdgre,niedauhtgle,,1.0,1.0,3,0.0,
edfrlu,edfrlu,NoErrorMono,0,lurf,pr,,de,lurf,,,4,edfrlu,,ed,frlu,,,,pelurf,derurf,,,,0.0,0,,,,epfrlu,edfmlu,,,,1.0,1,,
lurfioner,preebosioner,Root,1,lurfioner,prss,,pre,abos,ion,er,9,rpeoabsoinre,,rpe,oabs,oin,re,,breabosioner,preebosioner,preabosiower,preabosionir,,0.0,0,2.0,0.0,,mpeoabsoinre,rpeoabtoinre,rpeoabsainre,rpeoabsoinri,,0.0,3,0.0,1.0
hanable,unemdiion,Root,1,hanable,prs,,un,amdi,ion,,7,nudmiaino,,nu,dmia,ino,,,uramdiion,unemdiion,unamdiior,,,1.0,0,2.0,,,rudmiaino,nudwiaino,nudmiairo,,,0.0,1,1.0,
niedghatu,yiedghatu,MonoPrefix2,1,devedful,ppr,in,de,hugat,,,8,niedghatu,ni,ed,ghatu,,,iwdehugat,indihugat,indehuget,,,1.0,1.0,3,,,yiedghatu,niodghatu,niedchatu,,,0.0,0.0,0,,
htugareoin,htugareoin,NoErrorMono,0,deinhugat,rss,,,hugat,er,ion,9,htugareoin,,,htuga,re,oin,,,hegaterion,hugatelion,hugaterior,,,1,1.0,2.0,,,htuhareoin,htugarioin,htugareoan,,,3,1.0,1.0
nifruloni,nifmuloni,MonoRoot,1,vedion,prs,,in,lurf,ion,,6,nifruloni,,ni,frul,oni,,,imlurfion,inmurfion,inlurfioy,,,1.0,0,2.0,,,nufruloni,nifmuloni,nifrulomi,,,1.0,1,1.0,
eddevino,etdevino,MonoPrefix1,1,repable,prs,,de,ved,ion,,7,eddevino,,ed,dev,ino,,,divedion,devecion,devediin,,,1.0,2,1.0,,,etdevino,edduvino,eddevano,,,1.0,1,0.0,
ahgutfluleba,ahgutfluleba,NoErrorMono,0,preuncite,rss,,,hugat,ful,able,9,ahgutfluleba,,,ahgut,flu,leba,,,hugapfulable,hugatfurable,hugatfulaple,,,4,2.0,1.0,,,ahtutfluleba,ahgutflaleba,ahgutfluweba,,,2,2.0,0.0
aatreoni,oatreoni,MonoRoot,1,deprerep,rss,,,ata,er,ion,8,aatreoni,,,aat,re,oni,,,utaerion,ataarion,ataeriun,,,0,0.0,1.0,,,oatreoni,aatrioni,aatreeni,,,0,1.0,0.0
lurfion,inreper,Prefix1,1,lurfion,prs,,un,rep,er,,7,nuerpre,,nu,erp,re,,,inreper,unreter,unrepem,,,0.0,2,1.0,,,ruerpre,nuirpre,nuerpro,,,0.0,0,1.0,
decite,hunion,Root,1,decite,rs,,,han,ion,,6,hnanio,,,hna,nio,,,,hunion,haniow,,,,1,2.0,,,,cnanio,hnanie,,,,0,2.0,
nirpetaa,nirpetia,MonoRoot,1,deataion,ppr,in,pre,ata,,,8,nirpetaa,ni,rpe,taa,,,iwpreata,ingreata,inpreato,,,1.0,0.0,2,,,nerpetaa,nirpotaa,nirpetia,,,1.0,2.0,1,,
rep,rep,NoErrorPoly,0,rep,pr,,de,ved,,,3,eddev,,ed,dev,,,,seved,deted,,,,0.0,0,,,,addev,edtev,,,,0.0,0,,
vedable,invedgul,Suffix1,1,vedable,prs,,in,ved,ful,,7,nidveulf,,ni,dve,ulf,,,iwvedful,invodful,invedgul,,,1.0,1,0.0,,,nedveulf,nidheulf,nidvealf,,,1.0,1,0.0,
edrpeerp,edrpeerp,NoErrorMono,0,inhanion,ppr,de,pre,rep,,,8,edrpeerp,ed,rpe,erp,,,diprerep,depyerep,deprerup,,,1.0,1.0,1,,,egrpeerp,edrfeerp,edrpeirp,,,1.0,1.0,0,,
mseeballuf,lseeballuf,MonoRoot,1,uninlurf,rss,,,ems,able,ful,8,mseeballuf,,,mse,ebal,luf,,,ersableful,emsasleful,emsablefal,,,1,1.0,1.0,,,lseeballuf,mseebelluf,mseebalruf,,,0,2.0,0.0
taablea,taableo,MonoSuffix1,1,deved,rs,,,ata,able,,5,taablea,,,taa,blea,,,,apaable,ataible,,,,1,0.0,,,,caablea,taableo,,,,0,3.0,
ved,inate,Root,1,ved,pr,,in,ata,,,3,niaat,,ni,aat,,,,enata,inate,,,,0.0,2,,,,neaat,niaet,,,,1.0,1,,
preinamdi,preinamdi,NoErrorPoly,0,preinamdi,rss,,,abos,ful,able,9,osablfublea,,,osab,lfu,blea,,,atosfulable,abosfumable,abosfuloble,,,1,2.0,0.0,,,esablfublea,osablfeblea,osablfublaa,,,0,2.0,2.0
eprniidam,eprwiidam,MonoPrefix1,1,inamdiion,ppr,pre,in,amdi,,,9,eprniidam,epr,ni,idam,,,proinamdi,preenamdi,preinamti,,,2.0,0.0,2,,,epnniidam,eprwiidam,eprniiday,,,2.0,0.0,3,,
mesaelb,mesaelb,NoErrorMono,0,dehan,rs,,,ems,able,,5,mesaelb,,,mes,aelb,,,,emxable,emsablo,,,,2,3.0,,,,resaelb,mesaolb,,,,0,1.0,
nieprhnaulf,nietrhnaulf,MonoPrefix1,1,deataerion,pprs,in,pre,han,ful,,10,nieprhnaulf,ni,epr,hna,ulf,,imprehanful,inpyehanful,inpresanful,inprehanfel,,1.0,1.0,0,1.0,,neeprhnaulf,nietrhnaulf,nieprhneulf,nieprhnaulc,,1.0,1.0,2,2.0,
nierpevd,nierpevd,NoErrorMono,0,prevedful,ppr,in,pre,ved,,,9,nierpevd,ni,erp,evd,,,enpreved,inpmeved,inpreveg,,,0.0,1.0,2,,,mierpevd,niempevd,nierpedd,,,0.0,1.0,1,,
repedaosb,repidaosb,MonoPrefix1,1,inataful,ppr,pre,de,abos,,,8,repedaosb,rep,ed,aosb,,,prideabos,pregeabos,predeasos,,,2.0,0.0,1,,,mepedaosb,repidaosb,repedaohb,,,0.0,0.0,2,,
erphutganio,erphutganii,MonoSuffix1,1,emser,prs,,pre,hugat,ion,,5,erphutganio,,erp,hutga,nio,,,pmehugation,prehuxation,prehugatian,,,1.0,2,1.0,,,orphutganio,erphutpanio,erphutganii,,,0.0,3,2.0,
unved,aboseble,Suffix1,1,unved,rs,,,abos,able,,5,osabblae,,,osab,blae,,,,obosable,aboseble,,,,0,0.0,,,,asabblae,osabvlae,,,,0,0.0,
nuedtaare,nuedtaare,NoErrorMono,0,preemsableful,pprs,un,de,ata,er,,13,nuedtaare,nu,ed,taa,re,,endeataer,unbeataer,undeadaer,undeataem,,0.0,0.0,1,1.0,,wuedtaare,nuectaare,nuedtiare,nuedtaaye,,0.0,1.0,1,0.0,
inunrep,citefuyable,Suffix1,1,inunrep,rss,,,cite,ful,able,7,eitcfluebal,,,eitc,flu,ebal,,,catefulable,citefuyable,citefulatle,,,1,2.0,1.0,,,eitbfluebal,eitchluebal,eitcflueban,,,3,0.0,3.0
nueduhatg,nueduhatg,NoErrorMono,0,deataable,ppr,un,de,hugat,,,9,nueduhatg,nu,ed,uhatg,,,endehugat,ungehugat,undepugat,,,0.0,0.0,0,,,naeduhatg,nuaduhatg,nueduhatt,,,1.0,0.0,4,,
niiadmre,niiadmre,NoErrorMono,0,ataer,prs,,in,amdi,er,,5,niiadmre,,ni,iadm,re,,,iramdier,inamgier,inamdiem,,,1.0,2,1.0,,,naiadmre,niiahmre,niiadmro,,,1.0,2,1.0,
abos,uyhan,Prefix1,1,abos,pr,,un,han,,,4,nunah,,nu,nah,,,,uyhan,unhin,,,,1.0,1,,,,munah,nunat,,,,0.0,2,,
deved,deved,NoErrorPoly,0,deved,rs,,,abos,able,,5,sobaelab,,,soba,elab,,,,ebosable,abosabli,,,,0,3.0,,,,sotaelab,sobaeleb,,,,2,2.0,
ednuerpufl,ednuerpufl,NoErrorMono,0,preataableful,pprs,de,un,rep,ful,,13,ednuerpufl,ed,nu,erp,ufl,,duunrepful,deulrepful,deunwepful,deunrepfuw,,1.0,1.0,0,2.0,,adnuerpufl,edmuerpufl,ednuercufl,ednuerpufr,,0.0,0.0,2,2.0,
deamdiioner,pridehugation,Prefix2,1,deamdiioner,pprs,pre,de,hugat,ion,,11,rpeedguthaoni,rpe,ed,gutha,oni,,pridehugation,precehugation,predetugation,predehugatiom,,2.0,0.0,0,2.0,,rheedguthaoni,rpeadguthaoni,rpeedtuthaoni,rpeedguthaona,,1.0,0.0,0,2.0,
taaonire,taaonire,NoErrorMono,0,predeems,rss,,,ata,ion,er,8,taaonire,,,taa,oni,re,,,afaioner,ataiower,ataionor,,,1,2.0,0.0,,,taeonire,taaomire,taaonile,,,2,1.0,0.0
abos,ibos,Root,1,abos,r,,,abos,,,4,bosa,,,bosa,,,,,ibos,,,,,0,,,,,bose,,,,,3,,
dereper,dereper,NoErrorPoly,0,dereper,ppr,in,de,ved,,,7,nieddve,ni,ed,dve,,,imdeved,inheved,indeveg,,,1.0,0.0,2,,,mieddve,niesdve,nieddte,,,0.0,1.0,1,,
preunhan,preunhan,NoErrorPoly,0,preunhan,rss,,,ved,ion,er,8,edvoinre,,,edv,oin,re,,,vidioner,vediiner,vedionur,,,1,1.0,0.0,,,edsoinre,edvoimre,edvoinri,,,2,2.0,1.0
ata,iwamdi,Prefix1,1,ata,pr,,in,amdi,,,3,niamid,,ni,amid,,,,iwamdi,inamci,,,,1.0,2,,,,wiamid,niamit,,,,0.0,3,,
perrpeoni,perrpeoni,NoErrorMono,0,hugatable,prs,,pre,rep,ion,,9,perrpeoni,,per,rpe,oni,,,drerepion,preretion,prerepeon,,,0.0,2,0.0,,,terrpeoni,perypeoni,perrpeani,,,0.0,0,0.0,
ninutcei,ninutcei,NoErrorMono,0,deemsable,ppr,in,un,cite,,,9,ninutcei,ni,nu,tcei,,,onuncite,inoncite,inunfite,,,0.0,0.0,0,,,winutcei,niwutcei,ninutcai,,,0.0,0.0,2,,
han,han,NoErrorPoly,0,han,pr,,un,ems,,,3,nuesm,,nu,esm,,,,urems,unims,,,,1.0,0,,,,muesm,nuasm,,,,0.0,0,,
preemsfulable,deiwhanful,Prefix1,1,preemsfulable,pprs,de,in,han,ful,,13,edniahnufl,ed,ni,ahn,ufl,,seinhanful,deiwhanful,deinhayful,deinhanfum,,0.0,1.0,2,2.0,,egniahnufl,ednaahnufl,edniagnufl,edniahnofl,,1.0,1.0,1,0.0,
perhna,perhna,NoErrorMono,0,hugat,pr,,pre,han,,,5,perhna,,per,hna,,,,pwehan,preham,,,,1.0,2,,,,derhna,perhra,,,,0.0,1,,
prerepioner,preinvedien,Suffix1,1,prerepioner,pprs,pre,in,ved,ion,,11,repnivdeoni,rep,ni,vde,oni,,dreinvedion,preimvedion,preinvadion,preinvedien,,0.0,1.0,1,1.0,,reknivdeoni,repmivdeoni,repnivdooni,repnivdeone,,2.0,0.0,2,2.0,
deprerep,emsablefel,Suffix2,1,deprerep,rss,,,ems,able,ful,8,smebaleflu,,,sme,bale,flu,,,omsableful,emsablaful,emsablefel,,,0,3.0,1.0,,,snebaleflu,smebareflu,smebaleblu,,,1,2.0,0.0
rpeepr,rpeepl,MonoRoot,1,ata,pr,,pre,rep,,,3,rpeepr,,rpe,epr,,,,srerep,prenep,,,,0.0,0,,,,rpiepr,rpeepl,,,,2.0,2,,
epridam,epredam,MonoRoot,1,ved,pr,,pre,amdi,,,3,epridam,,epr,idam,,,,pneamdi,preumdi,,,,1.0,0,,,,upridam,epredam,,,,0.0,0,,
nudve,ludve,MonoPrefix1,1,ems,pr,,un,ved,,,3,nudve,,nu,dve,,,,anved,unvud,,,,0.0,1,,,,ludve,nudvo,,,,0.0,2,,
ughtareino,ughtaroino,MonoSuffix1,1,preinabos,rss,,,hugat,er,ion,9,ughtareino,,,ughta,re,ino,,,hugaberion,hugatewion,hugateriol,,,4,1.0,2.0,,,uggtareino,ughtaroino,ughtareano,,,2,1.0,0.0
vedfulable,vedfulable,NoErrorPoly,0,vedfulable,prss,,pre,ved,ful,able,10,pervdeuflbela,,per,vde,ufl,bela,,pmevedfulable,prevehfulable,prevedculable,prevedfulaple,,1.0,2,0.0,1.0,,pemvdeuflbela,pervheuflbela,pervdeufrbela,pervdeufltela,,2.0,1,2.0,0.0
deinamdi,deinamdi,NoErrorPoly,0,deinamdi,rss,,,hugat,ful,able,8,atughufllaeb,,,atugh,ufl,laeb,,,hagatfulable,hugatfuwable,hugatfulabme,,,1,2.0,2.0,,,atugsufllaeb,atughufmlaeb,atughufllaab,,,4,2.0,2.0
niedtaaino,niodtaaino,MonoPrefix1,1,deabosioner,pprs,in,de,ata,ion,,11,niedtaaino,ni,ed,taa,ino,,andeataion,indaataion,indeacaion,indeataian,,0.0,1.0,1,1.0,,noedtaaino,niodtaaino,niedtauino,niedtaaina,,1.0,0.0,2,2.0,
haner,prehenable,Root,1,haner,prs,,pre,han,able,,5,perahnealb,,per,ahn,ealb,,,pyehanable,prehenable,prehanoble,,,1.0,1,0.0,,,pirahnealb,peragnealb,perahnearb,,,1.0,1,2.0,
delurfion,unheems,Prefix1,1,delurfion,ppr,un,de,ems,,,9,nuedsme,nu,ed,sme,,,uwdeems,unheems,undeemk,,,1.0,0.0,2,,,noedsme,nuessme,nuedswe,,,1.0,1.0,1,,
dimanoi,dimanoi,NoErrorMono,0,decite,rs,,,amdi,ion,,6,dimanoi,,,dima,noi,,,,amdeion,amdiioy,,,,3,2.0,,,,cimanoi,dimawoi,,,,0,0.0,
devedioner,devedioner,NoErrorPoly,0,devedioner,pprs,de,pre,hugat,ion,,10,edrpegahutnoi,ed,rpe,gahut,noi,,seprehugation,deplehugation,depresugation,deprehugatien,,0.0,1.0,0,1.0,,odrpegahutnoi,edwpegahutnoi,edrpegehutnoi,edrpegahutroi,,0.0,0.0,1,0.0,
epredper,epredper,NoErrorMono,0,inciteion,ppr,pre,de,rep,,,9,epredper,epr,ed,per,,,priderep,predorep,prederip,,,2.0,1.0,1,,,ehredper,epresper,epredpir,,,1.0,1.0,1,,
nunahrenoi,nunahrenoi,NoErrorMono,0,vedfulable,prss,,un,han,er,ion,10,nunahrenoi,,nu,nah,re,noi,,ulhanerion,untanerion,unhanorion,unhaneraon,,1.0,0,0.0,0.0,,nenahrenoi,nunehrenoi,nunahronoi,nunahrewoi,,1.0,1,1.0,0.0
dehugat,lurfuble,Suffix1,1,dehugat,rs,,,lurf,able,,7,lrfuleba,,,lrfu,leba,,,,lursable,lurfuble,,,,3,0.0,,,,lmfuleba,lrfumeba,,,,1,0.0,
delurf,hugapful,Root,1,delurf,rs,,,hugat,ful,,6,gtauhflu,,,gtauh,flu,,,,hugapful,hugatfun,,,,4,2.0,,,,ctauhflu,gtauhclu,,,,0,0.0,
dehanioner,dehanioner,NoErrorPoly,0,dehanioner,pprs,pre,de,rep,ion,,10,repederpoin,rep,ed,erp,oin,,pmederepion,predarepion,predemepion,prederepiun,,1.0,1.0,0,1.0,,mepederpoin,repeterpoin,repedarpoin,repederpoiw,,0.0,1.0,0,2.0,
amdiioner,amdiioner,NoErrorPoly,0,amdiioner,prss,,pre,rep,ion,er,9,repperonire,,rep,per,oni,re,,prarepioner,prelepioner,prerepiorer,prerepionel,,2.0,0,2.0,1.0,,ropperonire,reppelonire,repperanire,repperonile,,1.0,2,0.0,0.0
rep,rep,NoErrorPoly,0,rep,r,,,rep,,,3,epr,,,epr,,,,,reg,,,,,2,,,,,ipr,,,,,0,,
epreticluf,epretigluf,MonoRoot,1,reper,prs,,pre,cite,ful,,5,epreticluf,,epr,etic,luf,,,praciteful,precitiful,precitepul,,,2.0,3,0.0,,,ehreticluf,epretigluf,epreticwuf,,,1.0,3,0.0,
anhnio,anhnio,NoErrorMono,0,precite,rs,,,han,ion,,7,anhnio,,,anh,nio,,,,sanion,haniow,,,,0,2.0,,,,arhnio,anhyio,,,,1,0.0,
rulfnoi,rumfnoi,MonoRoot,1,unhan,rs,,,lurf,ion,,5,rulfnoi,,,rulf,noi,,,,lurtion,lurfian,,,,3,1.0,,,,rumfnoi,rulfnei,,,,2,1.0,
undehugat,amdiionen,Suffix2,1,undehugat,rss,,,amdi,ion,er,9,mdainoire,,,mdai,noi,re,,,amdeioner,amdiiorer,amdiionen,,,3,2.0,1.0,,,ndainoire,mdaiyoire,mdainoiri,,,0,0.0,1.0
dehugation,dehugation,NoErrorPoly,0,dehugation,ppr,pre,de,ems,,,10,epredsem,epr,ed,sem,,,hredeems,preheems,predeemt,,,0.0,0.0,2,,,epmedsem,epradsem,epredgem,,,2.0,0.0,0,,
eduhtga,eduhtga,NoErrorMono,0,hugat,pr,,de,hugat,,,5,eduhtga,,ed,uhtga,,,,dahugat,dehegat,,,,1.0,1,,,,ehuhtga,eduhsga,,,,1.0,2,,
hanerion,unabosabletul,Suffix2,1,hanerion,prss,,un,abos,able,ful,8,nubsaolbeaufl,,nu,bsao,lbea,ufl,,umabosableful,unabesableful,unabosadleful,unabosabletul,,1.0,2,1.0,0.0,,rubsaolbeaufl,nubsailbeaufl,nubsaoldeaufl,nubsaolbeaefl,,0.0,3,1.0,0.0
prelurfable,preuncugat,Root,1,prelurfable,ppr,pre,un,hugat,,,11,rpenuaught,rpe,nu,aught,,,pmeunhugat,preinhugat,preuncugat,,,1.0,0.0,0,,,mpenuaught,rperuaught,rpenueught,,,0.0,0.0,0,,
nitaa,nitaa,NoErrorMono,0,rep,pr,,in,ata,,,3,nitaa,,ni,taa,,,,iyata,inasa,,,,1.0,1,,,,nataa,nisaa,,,,1.0,0,,
ataioner,dahanioner,Prefix1,1,ataioner,prss,,de,han,ion,er,8,edhnanoire,,ed,hna,noi,re,,dahanioner,dehalioner,dehanianer,dehanionur,,1.0,2,1.0,0.0,,odhnanoire,edhnonoire,edhnanoore,edhnanoira,,0.0,2,2.0,1.0
edeprbaso,ekeprbaso,MonoPrefix2,1,deemser,ppr,de,pre,abos,,,7,edeprbaso,ed,epr,baso,,,fepreabos,depmeabos,depreebos,,,0.0,1.0,0,,,ekeprbaso,edesrbaso,edeprfaso,,,1.0,1.0,0,,
ved,ved,NoErrorPoly,0,ved,r,,,ved,,,3,evd,,,evd,,,,,fed,,,,,0,,,,,evs,,,,,2,,
ataableful,unamdeerion,Root,1,ataableful,prss,,un,amdi,er,ion,10,nudiamreoni,,nu,diam,re,oni,,inamdierion,unamdeerion,unamdieyion,unamdieriom,,0.0,3,1.0,2.0,,mudiamreoni,nudiemreoni,nudiamraoni,nudiamreono,,0.0,2,1.0,2.0
abos,abos,NoErrorPoly,0,abos,pr,,un,ata,,,4,nutaa,,nu,taa,,,,uyata,unita,,,,1.0,0,,,,notaa,nutae,,,,1.0,2,,
depreems,lunfableful,Root,1,depreems,rss,,,lurf,able,ful,8,rlfubelaulf,,,rlfu,bela,ulf,,,lunfableful,lurfabluful,lurfablefur,,,2,3.0,2.0,,,rlsubelaulf,rlfutelaulf,rlfubelauwf,,,2,0.0,1.0
unlurfful,inunaboc,Root,1,unlurfful,ppr,in,un,abos,,,9,ninuabso,ni,nu,abso,,,irunabos,inulabos,inunaboc,,,1.0,1.0,3,,,linuabso,nimuabso,ninuasso,,,0.0,0.0,1,,
delurf,atiion,Root,1,delurf,rs,,,ata,ion,,6,taanio,,,taa,nio,,,,atiion,ataiol,,,,2,2.0,,,,teanio,taanie,,,,1,2.0,
rpeeabl,rheeabl,MonoRoot,1,prelurf,rs,,,rep,able,,7,rpeeabl,,,rpe,eabl,,,,rupable,repabla,,,,1,3.0,,,,rheeabl,rpeeebl,,,,1,1.0,
cite,cite,NoErrorPoly,0,cite,pr,,un,han,,,4,nunha,,nu,nha,,,,anhan,unhar,,,,0.0,2,,,,nanha,nunda,,,,1.0,1,,
deabosioner,dainamdiful,Prefix2,1,deabosioner,pprs,de,in,amdi,ful,,11,ednimadiufl,ed,ni,madi,ufl,,dainamdiful,deilamdiful,deinandiful,deinamdifur,,1.0,1.0,1,2.0,,idnimadiufl,ednumadiufl,ednimadaufl,ednimadiudl,,0.0,1.0,3,1.0,
nuedtaablae,nuedtaablae,NoErrorMono,0,devederion,pprs,un,de,ata,able,,10,nuedtaablae,nu,ed,taa,blae,,endeataable,unheataable,undeateable,undeataabne,,0.0,0.0,2,2.0,,needtaablae,nuodtaablae,nuedteablae,nuedtaabwae,,1.0,0.0,1,1.0,
rpebale,rpobale,MonoRoot,1,prehugat,rs,,,rep,able,,8,rpebale,,,rpe,bale,,,,revable,repeble,,,,2,0.0,,,,rpobale,rpegale,,,,2,0.0,
citefulable,citefulable,NoErrorPoly,0,citefulable,prss,,de,amdi,ion,er,11,eddaminoire,,ed,dami,noi,re,,daamdiioner,deemdiioner,deamdieoner,deamdiionor,,1.0,0,0.0,0.0,,etdaminoire,eddamenoire,eddamineire,eddaminoime,,1.0,3,1.0,0.0
hanion,enreper,Prefix1,1,hanion,prs,,in,rep,er,,6,niprere,,ni,pre,re,,,enreper,inmeper,inrepur,,,0.0,0,0.0,,,naprere,nipwere,niprera,,,1.0,1,1.0,
lurf,lurf,NoErrorPoly,0,lurf,r,,,lurf,,,4,fulr,,,fulr,,,,,lorf,,,,,1,,,,,folr,,,,,1,,
ems,terep,Prefix1,1,ems,pr,,de,rep,,,3,ederp,,ed,erp,,,,terep,dereh,,,,0.0,2,,,,ekerp,edeyp,,,,1.0,1,,
deciteful,deciteful,NoErrorPoly,0,deciteful,ppr,pre,in,rep,,,9,rpenirpe,rpe,ni,rpe,,,priinrep,preiyrep,preinrip,,,2.0,1.0,1,,,rpanirpe,rpenorpe,rpenirpa,,,2.0,1.0,2,,
edeitconire,eteitconire,MonoPrefix1,1,abosableful,prss,,de,cite,ion,er,11,edeitconire,,ed,eitc,oni,re,,diciteioner,detiteioner,deciteaoner,deciteionew,,1.0,0,0.0,1.0,,eteitconire,edeutconire,edeitconore,edeitconine,,1.0,1,2.0,0.0
rep,premurf,Root,1,rep,pr,,pre,lurf,,,3,repflur,,rep,flur,,,,hrelurf,premurf,,,,0.0,0,,,,lepflur,repfyur,,,,0.0,1,,
predeata,predeata,NoErrorPoly,0,predeata,rss,,,amdi,able,ful,8,midabelalfu,,,mida,bela,lfu,,,ardiableful,amdiebleful,amdiablefuy,,,1,0.0,2.0,,,misabelalfu,midabelelfu,midabelamfu,,,2,3.0,0.0
abos,ebos,Root,1,abos,r,,,abos,,,4,abso,,,abso,,,,,ebos,,,,,0,,,,,ebso,,,,,0,,
preunata,preunata,NoErrorPoly,0,preunata,rss,,,lurf,able,ful,8,flrulaebflu,,,flru,laeb,flu,,,murfableful,lurfasleful,lurfablefun,,,0,1.0,2.0,,,hlrulaebflu,flruraebflu,flrulaebfmu,,,0,0.0,1.0
edteicoinre,edteicoonre,MonoSuffix1,1,hugatfulable,prss,,de,cite,ion,er,12,edteicoinre,,ed,teic,oin,re,,duciteioner,decikeioner,deciteianer,deciteionew,,1.0,2,1.0,1.0,,etteicoinre,edtiicoinre,edteicoonre,edteicoinra,,1.0,1,1.0,1.0
ninuauhgtluf,ninuauhgtluf,NoErrorMono,0,decitefulable,pprs,in,un,hugat,ful,,13,ninuauhgtluf,ni,nu,auhgt,luf,,enunhugatful,inulhugatful,inundugatful,inunhugatfur,,0.0,1.0,0,2.0,,minuauhgtluf,niruauhgtluf,ninuauhftluf,ninuauhgtwuf,,0.0,0.0,3,0.0,
smerenio,smemenio,MonoSuffix1,1,unpreamdi,rss,,,ems,er,ion,9,smerenio,,,sme,re,nio,,,emherion,emsarion,emserien,,,2,0.0,1.0,,,hmerenio,smemenio,smerenie,,,0,0.0,2.0
preciteioner,preciteioner,NoErrorPoly,0,preciteioner,pprs,pre,de,ems,able,,12,erpedesmealb,erp,ed,esm,ealb,,pradeemsable,preveemsable,predeumsable,predeemsasle,,2.0,0.0,0,1.0,,orpedesmealb,erpefesmealb,erpedecmealb,erpedesmeelb,,0.0,1.0,1,1.0,
nuniuathgino,nuniuadhgino,MonoRoot,1,deciteerion,pprs,un,in,hugat,ion,,11,nuniuathgino,nu,ni,uathg,ino,,uyinhugation,unimhugation,uninhigation,uninhugatiin,,1.0,1.0,1,1.0,,noniuathgino,numiuathgino,nuniuadhgino,nuniuathgono,,1.0,0.0,2,0.0,
incite,citeabli,Suffix1,1,incite,rs,,,cite,able,,6,ceitebal,,,ceit,ebal,,,,citoable,citeabli,,,,3,3.0,,,,ceicebal,ceitetal,,,,3,1.0,
ataable,ataable,NoErrorPoly,0,ataable,prs,,un,rep,ion,,7,nuperino,,nu,per,ino,,,urrepion,unretion,unrepian,,,1.0,2,1.0,,,naperino,nuporino,nuperimo,,,1.0,1,1.0,
niasbonoi,riasbonoi,MonoPrefix1,1,abosful,prs,,in,abos,ion,,7,niasbonoi,,ni,asbo,noi,,,ilabosion,inasosion,inabosien,,,1.0,1,1.0,,,riasbonoi,niasfonoi,niasbonoe,,,0.0,2,2.0,
nunieitc,nunieitc,NoErrorMono,0,deataful,ppr,un,in,cite,,,8,nunieitc,nu,ni,eitc,,,onincite,unencite,unincate,,,0.0,0.0,1,,,runieitc,numieitc,nuniuitc,,,0.0,0.0,0,,
eprlbae,eprlbee,MonoSuffix1,1,deems,rs,,,rep,able,,5,eprlbae,,,epr,lbae,,,,wepable,repible,,,,0,0.0,,,,epwlbae,eprlbee,,,,2,2.0,
nitcieufl,nihcieufl,MonoRoot,1,citeful,prs,,in,cite,ful,,7,nitcieufl,,ni,tcie,ufl,,,enciteful,inpiteful,incitefil,,,0.0,0,1.0,,,netcieufl,nihcieufl,nitcieucl,,,1.0,0,1.0,
vdeufl,vpeufl,MonoRoot,1,inrep,rs,,,ved,ful,,5,vdeufl,,,vde,ufl,,,,vadful,veddul,,,,1,0.0,,,,vpeufl,vdeufr,,,,1,2.0,
han,han,NoErrorPoly,0,han,r,,,han,,,3,nha,,,nha,,,,,hen,,,,,1,,,,,rha,,,,,0,,
ems,imamdi,Prefix1,1,ems,pr,,in,amdi,,,3,nidmai,,ni,dmai,,,,imamdi,inardi,,,,1.0,1,,,,nodmai,nidmei,,,,1.0,2,,
numseufllabe,numsaufllabe,MonoRoot,1,hugatfulable,prss,,un,ems,ful,able,12,numseufllabe,,nu,mse,ufl,labe,,uwemsfulable,unersfulable,unemsfalable,unemsfuleble,,1.0,1,1.0,0.0,,mumseufllabe,numsaufllabe,numseuhllabe,numseufllaba,,0.0,2,1.0,3.0
nierp,mierp,MonoPrefix1,1,hugat,pr,,in,rep,,,5,nierp,,ni,erp,,,,unrep,inreh,,,,0.0,2,,,,mierp,niorp,,,,0.0,0,,
abos,abos,NoErrorPoly,0,abos,pr,,de,abos,,,4,edsabo,,ed,sabo,,,,daabos,deabas,,,,1.0,2,,,,ecsabo,edsaho,,,,1.0,2,,
ved,inate,Root,1,ved,pr,,in,ata,,,3,nitaa,,ni,taa,,,,onata,inate,,,,0.0,2,,,,litaa,nitai,,,,0.0,2,,
inlurf,inlurf,NoErrorPoly,0,inlurf,rs,,,abos,ion,,6,baosnoi,,,baos,noi,,,,abesion,abosoon,,,,2,0.0,,,,baesnoi,baosnai,,,,2,1.0,
edvdere,edvdere,NoErrorMono,0,aboser,prs,,de,ved,er,,6,edvdere,,ed,vde,re,,,doveder,deteder,devedar,,,1.0,0,0.0,,,idvdere,edvdire,edvdeme,,,0.0,2,0.0,
repnuvdeblae,repnuvdeblee,MonoSuffix1,1,unvedfulable,pprs,pre,un,ved,able,,12,repnuvdeblae,rep,nu,vde,blae,,dreunvedable,preumvedable,preunvudable,preunvedoble,,0.0,1.0,1,0.0,,retnuvdeblae,repmuvdeblae,repnuvbeblae,repnuvdeblee,,2.0,0.0,1,2.0,
inunata,inunata,NoErrorPoly,0,inunata,rss,,,ems,ion,er,7,mseoinre,,,mse,oin,re,,,emfioner,emseoner,emsionem,,,2,0.0,1.0,,,msooinre,mseoiwre,mseoinne,,,2,2.0,0.0
deunved,amdiabloful,Suffix1,1,deunved,rss,,,amdi,able,ful,7,aidmlabeufl,,,aidm,labe,ufl,,,amdaableful,amdiabloful,amdiablefil,,,3,3.0,1.0,,,aitmlabeufl,aidmlebeufl,aidmlabeufr,,,2,1.0,2.0
hugationer,unvedkulable,Suffix1,1,hugationer,prss,,un,ved,ful,able,10,nuevduflelba,,nu,evd,ufl,elba,,onvedfulable,unvehfulable,unvedkulable,unvedfulakle,,0.0,2,0.0,1.0,,naevduflelba,nuetduflelba,nuevdufrelba,nuevduflelca,,1.0,1,2.0,2.0
inved,hugatiin,Suffix1,1,inved,rs,,,hugat,ion,,5,taghuino,,,taghu,ino,,,,hugution,hugatiin,,,,3,1.0,,,,tagcuino,taghuiyo,,,,3,1.0,
preata,preata,NoErrorPoly,0,preata,rs,,,hugat,er,,6,uhgtare,,,uhgta,re,,,,hugiter,hugatur,,,,3,0.0,,,,uhghare,uhgtara,,,,3,1.0,
delurfer,inunimdi,Root,1,delurfer,ppr,in,un,amdi,,,8,ninudmai,ni,nu,dmai,,,enunamdi,inuwamdi,inunimdi,,,0.0,1.0,0,,,minudmai,niludmai,ninusmai,,,0.0,0.0,0,,
nirepflrubeal,niripflrubeal,MonoPrefix1,1,preamdiableful,pprs,in,pre,lurf,able,,14,nirepflrubeal,ni,rep,flru,beal,,iyprelurfable,inpralurfable,inprelorfable,inprelurfabre,,1.0,2.0,1,2.0,,mirepflrubeal,niripflrubeal,nirepflrebeal,nirepflrubear,,0.0,1.0,3,3.0,
perlufaleb,perlufaleb,MonoSuffix2,1,inunems,rss,,,rep,ful,able,7,perlufaleb,,,per,luf,aleb,,,mepfulable,reptulable,repfuladle,,,0,0.0,1.0,,,terlufaleb,permufaleb,perlufameb,,,0,0.0,1.0
