first,second,condition,prefix_template,suffix_template,root,prefixes,suffixes,word,type,error_to_which_morpheme,i_morpheme,i_within_morpheme,target_letter_before_error,letter_after_error,error_word,is_error
nusidniriek,nusidniriik,pppr,ppp,,riek,nu_sid_ni,,nusidniriek,control,r,,2,e,i,nusidniriik,1
reamisticly,reamishicly,rsss,,sss,ream,,ist_ic_ly,reamisticly,target,s,0.0,2,t,h,reamishicly,1
ersidsiwnoitala,ersidsawnoitala,pprss,pp,ss,siw,er_sid,noita_la,ersidsiwnoitala,control,r,,1,i,a,ersidsawnoitala,1
pracnoitala,pracnoitala,rss,,ss,prac,,noita_la,pracnoitala,control,r,,2,a,i,pricnoitala,0
reoverexfom,reoverexfom,pppr,ppp,,fom,re_over_ex,,reoverexfom,target,p,2.0,1,x,d,reoveredfom,0
proream,prorear,pr,p,,ream,pro,,proream,target,r,,3,m,r,prorear,1
purt,pult,r,,,purt,,,purt,control,r,,2,r,l,pult,1
edwerkcila,edwerkcila,prss,p,ss,werk,ed,ci_la,edwerkcila,control,s,1.0,1,a,e,edwerkcile,0
inusarp,inusarp,pr,p,,sarp,inu,,inusarp,control,r,,0,s,t,inutarp,0
siwtsiciyl,siwtsiciyl,rsss,,sss,siw,,tsi_ci_yl,siwtsiciyl,control,s,0.0,0,t,f,siwfsiciyl,0
undisingirtally,undisingirtally,ppprss,ppp,ss,girt,un_dis_in,al_ly,undisingirtally,target,r,,3,t,f,undisingirfally,0
fomisticly,gomisticly,rsss,,sss,fom,,ist_ic_ly,fomisticly,target,r,,0,f,g,gomisticly,1
luorlayl,luomlayl,rss,,ss,luor,,la_yl,luorlayl,control,r,,3,r,m,luomlayl,1
meeriously,maeriously,rss,,ss,meer,,ious_ly,meeriously,target,r,,1,e,a,maeriously,1
disincunically,disinculically,pprsss,pp,sss,cun,dis_in,ic_al_ly,disincunically,target,r,,2,n,l,disinculically,1
erniwerk,erniwerk,ppr,pp,,werk,er_ni,,erniwerk,control,p,0.0,0,e,o,orniwerk,0
defomation,defoyation,prs,p,s,fom,de,ation,defomation,target,r,,2,m,y,defoyation,1
luorcila,luorciya,rss,,ss,luor,,ci_la,luorcila,control,s,1.0,0,l,y,luorciya,1
siw,siw,r,,,siw,,,siw,control,r,,1,i,a,saw,0
retnireemnoitala,retnireomnoitala,prss,p,ss,reem,retni,noita_la,retnireemnoitala,control,r,,2,e,o,retnireomnoitala,1
gejeta,gejeta,rs,,s,gej,,eta,gejeta,control,s,0.0,1,t,c,gejeca,0
erniluortsici,erniluortsici,pprss,pp,ss,luor,er_ni,tsi_ci,erniluortsici,control,r,,1,u,a,ernilaortsici,0
rieknoita,nieknoita,rs,,s,riek,,noita,rieknoita,control,r,,0,r,n,nieknoita,1
nusidnitececna,nusidnitececra,ppprs,ppp,s,tec,nu_sid_ni,ecna,nusidnitececna,control,s,0.0,2,n,r,nusidnitececra,1
nusidnineir,nusidnineir,pppr,ppp,,neir,nu_sid_ni,,nusidnineir,control,p,0.0,0,n,y,yusidnineir,0
ersarpnoitala,ersampnoitala,prss,p,ss,sarp,er,noita_la,ersarpnoitala,control,r,,2,r,m,ersampnoitala,1
nusidnimarnoitala,nusidnimarnoitala,ppprss,ppp,ss,mar,nu_sid_ni,noita_la,nusidnimarnoitala,control,r,,1,a,i,nusidnimirnoitala,0
nuxewerklatsici,nuxewerklatsici,pprsss,pp,sss,werk,nu_xe,la_tsi_ci,nuxewerklatsici,control,p,1.0,0,x,k,nukewerklatsici,0
erpernisarp,erpernasarp,pppr,ppp,,sarp,erp_er_ni,,erpernisarp,control,p,2.0,1,i,a,erpernasarp,1
prereinkrewmentally,prereinkrewmuntally,ppprsss,ppp,sss,krew,pre_re_in,ment_al_ly,prereinkrewmentally,target,s,0.0,1,e,u,prereinkrewmuntally,1
nusidmofeta,nusidmofeta,pprs,pp,s,mof,nu_sid,eta,nusidmofeta,control,r,,2,f,h,nusidmoheta,0
reintaunisticly,reinfaunisticly,pprsss,pp,sss,taun,re_in,ist_ic_ly,reintaunisticly,target,r,,0,t,f,reinfaunisticly,1
ertalccila,ertalccala,prss,p,ss,talc,er,ci_la,ertalccila,control,s,0.0,1,i,a,ertalccala,1
ernitnopnoita,ernitnopnoite,pprs,pp,s,tnop,er_ni,noita,ernitnopnoita,control,s,0.0,4,a,e,ernitnopnoite,1
errevoxerieklayl,errevoxerieklawl,ppprss,ppp,ss,riek,er_revo_xe,la_yl,errevoxerieklayl,control,s,1.0,0,y,w,errevoxerieklawl,1
tek,tik,r,,,tek,,,tek,control,r,,1,e,i,tik,1
inkrewisticly,inkrewisticly,prsss,p,sss,krew,in,ist_ic_ly,inkrewisticly,target,r,,2,e,a,inkrawisticly,0
inboder,inbober,prs,p,s,bod,in,er,inboder,target,r,,2,d,b,inbober,1
luorcila,luorcala,rss,,ss,luor,,ci_la,luorcila,control,s,0.0,1,i,a,luorcala,1
nunimofcilayl,nunimofcelayl,pprsss,pp,sss,mof,nu_ni,ci_la_yl,nunimofcilayl,control,s,0.0,1,i,e,nunimofcelayl,1
revoxeslebcilayl,revoxeslobcilayl,pprsss,pp,sss,sleb,revo_xe,ci_la_yl,revoxeslebcilayl,control,r,,2,e,o,revoxeslobcilayl,1
prereinpras,prereinpmas,pppr,ppp,,pras,pre_re_in,,prereinpras,target,r,,1,r,m,prereinpmas,1
errevoxenuclufyl,errevexenuclufyl,ppprss,ppp,ss,nuc,er_revo_xe,luf_yl,errevoxenuclufyl,control,p,1.0,3,o,e,errevexenuclufyl,1
inuneirelba,inuneerelba,prs,p,s,neir,inu,elba,inuneirelba,control,r,,2,i,e,inuneerelba,1
bodally,sodally,rss,,ss,bod,,al_ly,bodally,target,r,,0,b,s,sodally,1
unincarpic,unincarpih,pprs,pp,s,carp,un_in,ic,unincarpic,target,s,0.0,1,c,h,unincarpih,1
nuxelaekla,nuxelaekla,pprs,pp,s,laek,nu_xe,la,nuxelaekla,control,r,,2,e,i,nuxelaikla,0
reinreamational,reinrearational,pprss,pp,ss,ream,re_in,ation_al,reinreamational,target,r,,3,m,r,reinrearational,1
redisjegational,redisjegational,pprss,pp,ss,jeg,re_dis,ation_al,redisjegational,target,p,1.0,0,d,f,refisjegational,0
inwisisticly,inwisisticly,prsss,p,sss,wis,in,ist_ic_ly,inwisisticly,target,s,2.0,1,y,r,inwisisticlr,0
nusidninuazlufyl,nusidninuazlufyl,ppprss,ppp,ss,nuaz,nu_sid_ni,luf_yl,nusidninuazlufyl,control,s,0.0,1,u,o,nusidninuazlofyl,0
redisjeg,medisjeg,ppr,pp,,jeg,re_dis,,redisjeg,target,p,0.0,0,r,m,medisjeg,1
immorly,iymorly,prs,p,s,mor,im,ly,immorly,target,p,0.0,1,m,y,iymorly,1
prereinheedmentally,prereinheedmentally,ppprsss,ppp,sss,heed,pre_re_in,ment_al_ly,prereinheedmentally,target,r,,3,d,c,prereinheecmentally,0
cunance,cumance,rs,,s,cun,,ance,cunance,target,r,,2,n,m,cumance,1
sidnipurtlufyl,sidnipurtlufyl,pprss,pp,ss,purt,sid_ni,luf_yl,sidnipurtlufyl,control,p,1.0,0,n,m,sidmipurtlufyl,0
orptnopre,orpdnopre,prs,p,s,tnop,orp,re,orptnopre,control,r,,0,t,d,orpdnopre,1
recetal,recetam,prs,p,s,cet,re,al,recetal,target,s,0.0,1,l,m,recetam,1
intean,imtean,pr,p,,tean,in,,intean,target,p,0.0,1,n,m,imtean,1
intrup,intrup,pr,p,,trup,in,,intrup,target,r,,2,u,e,intrep,0
ernilaeklatsici,ernilaeklatsici,pprsss,pp,sss,laek,er_ni,la_tsi_ci,ernilaeklatsici,control,s,0.0,1,a,o,ernilaeklotsici,0
colgcilayl,cilgcilayl,rsss,,sss,colg,,ci_la_yl,colgcilayl,control,r,,1,o,i,cilgcilayl,1
interbodate,interbodate,prs,p,s,bod,inter,ate,interbodate,target,s,0.0,1,t,s,interbodase,0
redisfomate,retisfomate,pprs,pp,s,fom,re_dis,ate,redisfomate,target,p,1.0,0,d,t,retisfomate,1
xemarlayl,xemerlayl,prss,p,ss,mar,xe,la_yl,xemarlayl,control,r,,1,a,e,xemerlayl,1
erperniromtnemla,erpemniromtnemla,ppprss,ppp,ss,rom,erp_er_ni,tnem_la,erperniromtnemla,control,p,1.0,1,r,m,erpemniromtnemla,1
cetal,cetal,rs,,s,cet,,al,cetal,target,s,0.0,1,l,y,cetay,0
ernuaz,ernuaz,pr,p,,nuaz,er,,ernuaz,control,p,0.0,0,e,i,irnuaz,0
numarlufylssen,jumarlufylssen,prsss,p,sss,mar,nu,luf_yl_ssen,numarlufylssen,control,p,0.0,0,n,j,jumarlufylssen,1
misidnuazelba,migidnuazelba,pprs,pp,s,nuaz,mi_sid,elba,misidnuazelba,control,p,1.0,0,s,g,migidnuazelba,1
reinglocmentally,reinglocmentally,pprsss,pp,sss,gloc,re_in,ment_al_ly,reinglocmentally,target,r,,0,g,t,reintlocmentally,0
exroulical,exroulical,prss,p,ss,roul,ex,ic_al,exroulical,target,p,0.0,1,x,t,etroulical,0
reingirtation,reingirtation,pprs,pp,s,girt,re_in,ation,reingirtation,target,p,0.0,0,r,n,neingirtation,0
erpsidnigejtnemlayl,erpsidnigertnemlayl,ppprsss,ppp,sss,gej,erp_sid_ni,tnem_la_yl,erpsidnigejtnemlayl,control,r,,2,j,r,erpsidnigertnemlayl,1
impontational,impontational,prss,p,ss,pont,im,ation_al,impontational,target,s,1.0,0,a,e,impontationel,0
erpernisiwcila,erpernisiwcila,ppprss,ppp,ss,siw,erp_er_ni,ci_la,erpernisiwcila,control,p,1.0,0,e,a,erparnisiwcila,0
reundepontically,reundepentically,ppprsss,ppp,sss,pont,re_un_de,ic_al_ly,reundepontically,target,r,,1,o,e,reundepentically,1
ernaetnoita,emnaetnoita,prs,p,s,naet,er,noita,ernaetnoita,control,p,0.0,1,r,m,emnaetnoita,1
erpsidniriek,erpsidnirieh,pppr,ppp,,riek,erp_sid_ni,,erpsidniriek,control,r,,3,k,h,erpsidnirieh,1
sidnimof,sidnomof,ppr,pp,,mof,sid_ni,,sidnimof,control,p,1.0,1,i,o,sidnomof,1
prereindrun,prereindrun,pppr,ppp,,drun,pre_re_in,,prereindrun,target,r,,0,d,c,prereincrun,0
niroynoita,nironnoita,prs,p,s,roy,ni,noita,niroynoita,control,r,,2,y,n,nironnoita,1
predisinjeg,predisinjeg,pppr,ppp,,jeg,pre_dis_in,,predisinjeg,target,r,,0,j,l,predisinleg,0
niwerkcilayl,niwemkcilayl,prsss,p,sss,werk,ni,ci_la_yl,niwerkcilayl,control,r,,2,r,m,niwemkcilayl,1
erniriekre,erniriekre,pprs,pp,s,riek,er_ni,re,erniriekre,control,r,,0,r,l,erniliekre,0
erpsidnigej,erpsidnigij,pppr,ppp,,gej,erp_sid_ni,,erpsidnigej,control,r,,1,e,i,erpsidnigij,1
undisinkrew,undisinkrew,pppr,ppp,,krew,un_dis_in,,undisinkrew,target,r,,1,r,l,undisinklew,0
siwlatsici,siwlatsici,rsss,,sss,siw,,la_tsi_ci,siwlatsici,control,r,,2,w,l,sillatsici,0
uninreamically,uninreamihally,pprsss,pp,sss,ream,un_in,ic_al_ly,uninreamically,target,s,0.0,1,c,h,uninreamihally,1
reinjegistic,reinmegistic,pprss,pp,ss,jeg,re_in,ist_ic,reinjegistic,target,r,,0,j,m,reinmegistic,1
undisinbelsically,undisinbelsically,ppprsss,ppp,sss,bels,un_dis_in,ic_al_ly,undisinbelsically,target,s,0.0,1,c,t,undisinbelsitally,0
nisiwtsiciyl,nisiwtsiciyl,prsss,p,sss,siw,ni,tsi_ci_yl,nisiwtsiciyl,control,r,,0,s,g,nigiwtsiciyl,0
discet,discet,pr,p,,cet,dis,,discet,target,p,0.0,1,i,u,duscet,0
edtek,edtek,pr,p,,tek,ed,,edtek,control,r,,2,k,b,edteb,0
erpernipracnoita,erpernipracnoita,ppprs,ppp,s,prac,erp_er_ni,noita,erpernipracnoita,control,s,0.0,4,a,i,erpernipracnoiti,0
truply,truply,rs,,s,trup,,ly,truply,target,r,,3,p,h,truhly,0
erpernipracre,erpernipracre,ppprs,ppp,s,prac,erp_er_ni,re,erpernipracre,control,s,0.0,0,r,w,erpernipracwe,0
roulically,roelically,rsss,,sss,roul,,ic_al_ly,roulically,target,r,,2,u,e,roelically,1
ersidromre,ersidromre,pprs,pp,s,rom,er_sid,re,ersidromre,control,p,0.0,1,r,y,eysidromre,0
errevoxenuazla,errevoxenuezla,ppprs,ppp,s,nuaz,er_revo_xe,la,errevoxenuazla,control,r,,2,a,e,errevoxenuezla,1
reoverexfomly,reoverexfomly,ppprs,ppp,s,fom,re_over_ex,ly,reoverexfomly,target,p,1.0,0,o,e,reeverexfomly,0
predisinmorical,predisinmoracal,ppprss,ppp,ss,mor,pre_dis_in,ic_al,predisinmorical,target,s,0.0,0,i,a,predisinmoracal,1
reincarpical,reincarpical,pprss,pp,ss,carp,re_in,ic_al,reincarpical,target,r,,2,r,m,reincampical,0
exjegation,exjegatiol,prs,p,s,jeg,ex,ation,exjegation,target,s,0.0,4,n,l,exjegatiol,1
sidnipractnemla,kidnipractnemla,pprss,pp,ss,prac,sid_ni,tnem_la,sidnipractnemla,control,p,0.0,0,s,k,kidnipractnemla,1
bels,bels,r,,,bels,,,bels,target,r,,2,l,n,bens,0
yoriously,yoriously,rss,,ss,yor,,ious_ly,yoriously,target,r,,0,y,l,loriously,0
undisinmeerational,undisinmearational,ppprss,ppp,ss,meer,un_dis_in,ation_al,undisinmeerational,target,r,,2,e,a,undisinmearational,1
indrun,indrun,pr,p,,drun,in,,indrun,target,r,,3,n,m,indrum,0
incetation,incatation,prs,p,s,cet,in,ation,incetation,target,r,,1,e,a,incatation,1
nunideeheru,nunideeheru,pprs,pp,s,deeh,nu_ni,eru,nunideeheru,control,p,0.0,0,n,l,lunideeheru,0
jegly,jegly,rs,,s,jeg,,ly,jegly,target,r,,1,e,o,jogly,0
heed,heed,r,,,heed,,,heed,target,r,,2,e,a,head,0
prereinjegically,prereinjegically,ppprsss,ppp,sss,jeg,pre_re_in,ic_al_ly,prereinjegically,target,s,2.0,0,l,w,prereinjegicalwy,0
predisinyoration,predisinyowation,ppprs,ppp,s,yor,pre_dis_in,ation,predisinyoration,target,r,,2,r,w,predisinyowation,1
predisindrunly,predisindrunly,ppprs,ppp,s,drun,pre_dis_in,ly,predisindrunly,target,s,0.0,1,y,w,predisindrunlw,0
reoverexbodable,reoverexbodable,ppprs,ppp,s,bod,re_over_ex,able,reoverexbodable,target,r,,0,b,s,reoverexsodable,0
imdistrup,imdisfrup,ppr,pp,,trup,im_dis,,imdistrup,target,r,,0,t,f,imdisfrup,1
nusidninuc,nusidninuc,pppr,ppp,,nuc,nu_sid_ni,,nusidninuc,control,p,1.0,0,s,h,nuhidninuc,0
disinreamally,disanreamally,pprss,pp,ss,ream,dis_in,al_ly,disinreamally,target,p,1.0,0,i,a,disanreamally,1
nitalcre,nitalcre,prs,p,s,talc,ni,re,nitalcre,control,p,0.0,0,n,r,ritalcre,0
erpsidnisiwyl,erpsidnisiwyl,ppprs,ppp,s,siw,erp_sid_ni,yl,erpsidnisiwyl,control,p,2.0,1,i,a,erpsidnasiwyl,0
procun,procen,pr,p,,cun,pro,,procun,target,r,,1,u,e,procen,1
reoverexyorfully,reoverexyorfully,ppprss,ppp,ss,yor,re_over_ex,ful_ly,reoverexyorfully,target,p,0.0,0,r,l,leoverexyorfully,0
undisteanally,undisteanamly,pprss,pp,ss,tean,un_dis,al_ly,undisteanally,target,s,0.0,1,l,m,undisteanamly,1
orpnaetla,orpnaetla,prs,p,s,naet,orp,la,orpnaetla,control,p,0.0,0,o,i,irpnaetla,0
reroul,roroul,pr,p,,roul,re,,reroul,target,p,0.0,1,e,o,roroul,1
subkeiristicly,subkeiristiclj,prsss,p,sss,keir,sub,ist_ic_ly,subkeiristicly,target,s,2.0,1,y,j,subkeiristiclj,1
tektnem,tehtnem,rs,,s,tek,,tnem,tektnem,control,r,,2,k,h,tehtnem,1
naettnemlayl,naettnemlayw,rsss,,sss,naet,,tnem_la_yl,naettnemlayl,control,s,2.0,1,l,w,naettnemlayw,1
prasally,prasally,rss,,ss,pras,,al_ly,prasally,target,r,,3,s,d,pradally,0
erpracla,erpracla,prs,p,s,prac,er,la,erpracla,control,s,0.0,1,a,i,erpracli,0
maercilayl,maercileyl,rsss,,sss,maer,,ci_la_yl,maercilayl,control,s,1.0,1,a,e,maercileyl,1
erperkoopnoitala,erporkoopnoitala,pprss,pp,ss,koop,erp_er,noita_la,erperkoopnoitala,control,p,1.0,0,e,o,erporkoopnoitala,1
preretaun,preretaur,ppr,pp,,taun,pre_re,,preretaun,target,r,,3,n,r,preretaur,1
undisinwis,undisinwis,pppr,ppp,,wis,un_dis_in,,undisinwis,target,p,2.0,0,i,o,undisonwis,0
reinkealation,ruinkealation,pprs,pp,s,keal,re_in,ation,reinkealation,target,p,0.0,1,e,u,ruinkealation,1
naetlufylssen,maetlufylssen,rsss,,sss,naet,,luf_yl_ssen,naetlufylssen,control,r,,0,n,m,maetlufylssen,1
ernireem,elnireem,ppr,pp,,reem,er_ni,,ernireem,control,p,0.0,1,r,l,elnireem,1
prerekeirmental,prerekeirmental,pprss,pp,ss,keir,pre_re,ment_al,prerekeirmental,target,r,,1,e,u,prerekuirmental,0
erpernikoopcilayl,erpernikoopcilayl,ppprsss,ppp,sss,koop,erp_er_ni,ci_la_yl,erpernikoopcilayl,control,r,,3,p,g,erpernikoogcilayl,0
reglocmental,reglocmental,prss,p,ss,gloc,re,ment_al,reglocmental,target,r,,3,c,h,reglohmental,0
misidroy,masidroy,ppr,pp,,roy,mi_sid,,misidroy,control,p,0.0,1,i,a,masidroy,1
imramal,immamal,prs,p,s,ram,im,al,imramal,target,r,,0,r,m,immamal,1
nuniriek,nuniriek,ppr,pp,,riek,nu_ni,,nuniriek,control,r,,3,k,h,nunirieh,0
nimoftsiciyl,niloftsiciyl,prsss,p,sss,mof,ni,tsi_ci_yl,nimoftsiciyl,control,r,,0,m,l,niloftsiciyl,1
ednuclayl,udnuclayl,prss,p,ss,nuc,ed,la_yl,ednuclayl,control,p,0.0,0,e,u,udnuclayl,1
reinwisally,reinwisally,pprss,pp,ss,wis,re_in,al_ly,reinwisally,target,s,0.0,1,l,w,reinwisawly,0
deehla,deehle,rs,,s,deeh,,la,deehla,control,s,0.0,1,a,e,deehle,1
heedfullyness,heedfullyness,rsss,,sss,heed,,ful_ly_ness,heedfullyness,target,s,1.0,1,y,w,heedfullwness,0
unexgirtal,unexgirtal,pprs,pp,s,girt,un_ex,al,unexgirtal,target,p,1.0,0,e,u,unuxgirtal,0
nusidpurtlayl,nusidpurtlayl,pprss,pp,ss,purt,nu_sid,la_yl,nusidpurtlayl,control,p,1.0,2,d,p,nusippurtlayl,0
unrien,unrien,pr,p,,rien,un,,unrien,target,r,,0,r,y,unyien,0
nusidnitnoplufyl,nusidnitnoplufyl,ppprss,ppp,ss,tnop,nu_sid_ni,luf_yl,nusidnitnoplufyl,control,r,,1,n,r,nusidnitroplufyl,0
werklatsici,werklatsici,rsss,,sss,werk,,la_tsi_ci,werklatsici,control,s,1.0,2,i,e,werklatseci,0
prereintrupically,prereintrupically,ppprsss,ppp,sss,trup,pre_re_in,ic_al_ly,prereintrupically,target,r,,2,u,e,prereintrepically,0
misidmof,misidmuf,ppr,pp,,mof,mi_sid,,misidmof,control,r,,1,o,u,misidmuf,1
preretaunmentally,creretaunmentally,pprsss,pp,sss,taun,pre_re,ment_al_ly,preretaunmentally,target,p,0.0,0,p,c,creretaunmentally,1
nuxepracla,nuxepracla,pprs,pp,s,prac,nu_xe,la,nuxepracla,control,p,0.0,1,u,o,noxepracla,0
reinfom,reinfom,ppr,pp,,fom,re_in,,reinfom,target,r,,2,m,w,reinfow,0
girtmental,gimtmental,rss,,ss,girt,,ment_al,girtmental,target,r,,2,r,m,gimtmental,1
erninuctsiciyl,erninuctsiciyl,pprsss,pp,sss,nuc,er_ni,tsi_ci_yl,erninuctsiciyl,control,r,,0,n,r,erniructsiciyl,0
wiser,miser,rs,,s,wis,,er,wiser,target,r,,0,w,m,miser,1
slebtnemlayl,slebtnemlayl,rsss,,sss,sleb,,tnem_la_yl,slebtnemlayl,control,s,0.0,3,m,r,slebtnerlayl,0
fomalistic,fomalistic,rsss,,sss,fom,,al_ist_ic,fomalistic,target,s,0.0,0,a,i,fomilistic,0
erpromlayl,erpromyayl,prss,p,ss,rom,erp,la_yl,erpromlayl,control,s,0.0,0,l,y,erpromyayl,1
nuazci,nuazci,rs,,s,nuaz,,ci,nuazci,control,r,,1,u,i,niazci,0
ernislebnoitala,ernislebneitala,pprss,pp,ss,sleb,er_ni,noita_la,ernislebnoitala,control,s,0.0,1,o,e,ernislebneitala,1
niriektsiciyl,niriektsiciyr,prsss,p,sss,riek,ni,tsi_ci_yl,niriektsiciyl,control,s,2.0,1,l,r,niriektsiciyr,1
prereinream,premeinream,pppr,ppp,,ream,pre_re_in,,prereinream,target,p,1.0,0,r,m,premeinream,1
nusidnitalccilayl,nusidnitalccilayl,ppprsss,ppp,sss,talc,nu_sid_ni,ci_la_yl,nusidnitalccilayl,control,p,0.0,0,n,l,lusidnitalccilayl,0
nuninaet,nuninaet,ppr,pp,,naet,nu_ni,,nuninaet,control,p,1.0,1,i,e,nunenaet,0
regirtfullyness,regirtfullyness,prsss,p,sss,girt,re,ful_ly_ness,regirtfullyness,target,s,2.0,2,s,h,regirtfullynehs,0
prerecarpational,prerecarpationel,pprss,pp,ss,carp,pre_re,ation_al,prerecarpational,target,s,1.0,0,a,e,prerecarpationel,1
premeerally,premeerally,prss,p,ss,meer,pre,al_ly,premeerally,target,r,,0,m,w,preweerally,0
nuniluortnemlayl,nuneluortnemlayl,pprsss,pp,sss,luor,nu_ni,tnem_la_yl,nuniluortnemlayl,control,p,1.0,1,i,e,nuneluortnemlayl,1
meerly,meerly,rs,,s,meer,,ly,meerly,target,s,0.0,0,l,m,meermy,0
ertalclatsici,ertalclatsici,prsss,p,sss,talc,er,la_tsi_ci,ertalclatsici,control,s,0.0,1,a,o,ertalclotsici,0
disincun,disincun,ppr,pp,,cun,dis_in,,disincun,target,p,1.0,1,n,r,disircun,0
erpsidnineirnoita,erpcidnineirnoita,ppprs,ppp,s,neir,erp_sid_ni,noita,erpsidnineirnoita,control,p,1.0,0,s,c,erpcidnineirnoita,1
erpernikoop,erpernikoop,pppr,ppp,,koop,erp_er_ni,,erpernikoop,control,r,,0,k,p,erpernipoop,0
jegation,jegotion,rs,,s,jeg,,ation,jegation,target,s,0.0,0,a,o,jegotion,1
tecla,tetla,rs,,s,tec,,la,tecla,control,r,,2,c,t,tetla,1
redismeeralistic,redismeeralistic,pprsss,pp,sss,meer,re_dis,al_ist_ic,redismeeralistic,target,r,,0,m,r,redisreeralistic,0
uniream,uniream,pr,p,,ream,uni,,uniream,target,p,0.0,0,u,e,eniream,0
predisinglocly,predisinglocly,ppprs,ppp,s,gloc,pre_dis_in,ly,predisinglocly,target,s,0.0,0,l,r,predisinglocry,0
disinmor,disinmor,ppr,pp,,mor,dis_in,,disinmor,target,r,,1,o,i,disinmir,0
orpnuc,ompnuc,pr,p,,nuc,orp,,orpnuc,control,p,0.0,1,r,m,ompnuc,1
ernirom,ernirom,ppr,pp,,rom,er_ni,,ernirom,control,r,,2,m,r,erniror,0
prereinbelsfully,prereinbelsfumly,ppprss,ppp,ss,bels,pre_re_in,ful_ly,prereinbelsfully,target,s,0.0,2,l,m,prereinbelsfumly,1
erpsidnislebtnemlayl,erpsidnislebtnemlayl,ppprsss,ppp,sss,sleb,erp_sid_ni,tnem_la_yl,erpsidnislebtnemlayl,control,p,0.0,1,r,m,empsidnislebtnemlayl,0
unikealable,unikealable,prs,p,s,keal,uni,able,unikealable,target,p,0.0,0,u,i,inikealable,0
erpernitec,erpernitec,pppr,ppp,,tec,erp_er_ni,,erpernitec,control,p,2.0,0,n,l,erperlitec,0
prodrun,prodrun,pr,p,,drun,pro,,prodrun,target,r,,3,n,m,prodrum,0
tekecna,tokecna,rs,,s,tek,,ecna,tekecna,control,r,,1,e,o,tokecna,1
ersidromyl,ersidromyl,pprs,pp,s,rom,er_sid,yl,ersidromyl,control,r,,0,r,l,ersidlomyl,0
nilaeklayl,wilaeklayl,prss,p,ss,laek,ni,la_yl,nilaeklayl,control,p,0.0,0,n,w,wilaeklayl,1
disincetmentally,disincetmentelly,pprsss,pp,sss,cet,dis_in,ment_al_ly,disincetmentally,target,s,1.0,0,a,e,disincetmentelly,1
disinmeerer,disinmeerer,pprs,pp,s,meer,dis_in,er,disinmeerer,target,r,,3,r,m,disinmeemer,0
perclatally,perclatally,prss,p,ss,clat,per,al_ly,perclatally,target,s,1.0,1,y,m,perclatallm,0
ninurdnoita,ninurdnoita,prs,p,s,nurd,ni,noita,ninurdnoita,control,p,0.0,1,i,o,nonurdnoita,0
erpernitec,erpernitec,pppr,ppp,,tec,erp_er_ni,,erpernitec,control,p,2.0,1,i,a,erpernatec,0
erpsidnuaz,orpsidnuaz,ppr,pp,,nuaz,erp_sid,,erpsidnuaz,control,p,0.0,0,e,o,orpsidnuaz,1
erpernitriglayl,erpornitriglayl,ppprss,ppp,ss,trig,erp_er_ni,la_yl,erpernitriglayl,control,p,1.0,0,e,o,erpornitriglayl,1
triglufyl,tliglufyl,rss,,ss,trig,,luf_yl,triglufyl,control,r,,1,r,l,tliglufyl,1
inroulmental,inroulmentam,prss,p,ss,roul,in,ment_al,inroulmental,target,s,1.0,1,l,m,inroulmentam,1
clatance,clutance,rs,,s,clat,,ance,clatance,target,r,,2,a,u,clutance,1
tuoreemlayl,suoreemlayl,prss,p,ss,reem,tuo,la_yl,tuoreemlayl,control,p,0.0,0,t,s,suoreemlayl,1
dobtsiciyl,dobtsiciyl,rsss,,sss,dob,,tsi_ci_yl,dobtsiciyl,control,r,,2,b,v,dovtsiciyl,0
nireemcilayl,nireemcilarl,prsss,p,sss,reem,ni,ci_la_yl,nireemcilayl,control,s,2.0,0,y,r,nireemcilarl,1
erpsidnitec,erpsipnitec,pppr,ppp,,tec,erp_sid_ni,,erpsidnitec,control,p,1.0,2,d,p,erpsipnitec,1
tnopnoitala,tnopniitala,rss,,ss,tnop,,noita_la,tnopnoitala,control,s,0.0,1,o,i,tnopniitala,1
prereinreammental,prereinreammental,ppprss,ppp,ss,ream,pre_re_in,ment_al,prereinreammental,target,r,,0,r,m,prereinmeammental,0
predisinrienmentally,predisinraenmentally,ppprsss,ppp,sss,rien,pre_dis_in,ment_al_ly,predisinrienmentally,target,r,,1,i,a,predisinraenmentally,1
teanmentally,teanmentally,rsss,,sss,tean,,ment_al_ly,teanmentally,target,s,2.0,0,l,m,teanmentalmy,0
naetlatsici,naetlatsici,rsss,,sss,naet,,la_tsi_ci,naetlatsici,control,r,,1,a,e,neetlatsici,0
rekealer,rekealer,prs,p,s,keal,re,er,rekealer,target,s,0.0,1,r,m,rekealem,0
erperniroyre,arperniroyre,ppprs,ppp,s,roy,erp_er_ni,re,erperniroyre,control,p,0.0,0,e,a,arperniroyre,1
ersidtec,ersistec,ppr,pp,,tec,er_sid,,ersidtec,control,p,1.0,2,d,s,ersistec,1
reamal,roamal,rs,,s,ream,,al,reamal,target,r,,1,e,o,roamal,1
reinheed,reinhoed,ppr,pp,,heed,re_in,,reinheed,target,r,,1,e,o,reinhoed,1
fomically,forically,rsss,,sss,fom,,ic_al_ly,fomically,target,r,,2,m,r,forically,1
ernidobnoita,ernidobnoita,pprs,pp,s,dob,er_ni,noita,ernidobnoita,control,s,0.0,4,a,o,ernidobnoito,0
misidpurtylssen,misibpurtylssen,pprss,pp,ss,purt,mi_sid,yl_ssen,misidpurtylssen,control,p,1.0,2,d,b,misibpurtylssen,1
slebnoita,slebnoite,rs,,s,sleb,,noita,slebnoita,control,s,0.0,4,a,e,slebnoite,1
ketly,ketly,rs,,s,ket,,ly,ketly,target,r,,1,e,o,kotly,0
teanfully,toanfully,rss,,ss,tean,,ful_ly,teanfully,target,r,,1,e,o,toanfully,1
bustektsiciyl,bustektsiciyl,prsss,p,sss,tek,bus,tsi_ci_yl,bustektsiciyl,control,s,0.0,1,s,h,bustekthiciyl,0
prereinfomically,prereinfomically,ppprsss,ppp,sss,fom,pre_re_in,ic_al_ly,prereinfomically,target,p,1.0,1,e,o,preroinfomically,0
undisinprasmentally,undisinprasmentally,ppprsss,ppp,sss,pras,un_dis_in,ment_al_ly,undisinprasmentally,target,p,1.0,0,d,c,uncisinprasmentally,0
errevoxewerknoitala,errevoxewerkmoitala,ppprss,ppp,ss,werk,er_revo_xe,noita_la,errevoxewerknoitala,control,s,0.0,0,n,m,errevoxewerkmoitala,1
overexmeer,overexmeer,ppr,pp,,meer,over_ex,,overexmeer,target,p,0.0,3,r,w,ovewexmeer,0
ninurd,minurd,pr,p,,nurd,ni,,ninurd,control,p,0.0,0,n,m,minurd,1
projegal,projegal,prs,p,s,jeg,pro,al,projegal,target,p,0.0,2,o,e,prejegal,0
orpsiw,orpsiw,pr,p,,siw,orp,,orpsiw,control,r,,0,s,t,orptiw,0
proclat,proclat,pr,p,,clat,pro,,proclat,target,p,0.0,2,o,u,pruclat,0
orplaek,omplaek,pr,p,,laek,orp,,orplaek,control,p,0.0,1,r,m,omplaek,1
ninuaznoitala,ninuaznoitala,prss,p,ss,nuaz,ni,noita_la,ninuaznoitala,control,p,0.0,0,n,y,yinuaznoitala,0
reinpras,reinpras,ppr,pp,,pras,re_in,,reinpras,target,r,,2,a,o,reinpros,0
undisinbelsmentally,undisinbelsmentalwy,ppprsss,ppp,sss,bels,un_dis_in,ment_al_ly,undisinbelsmentally,target,s,2.0,0,l,w,undisinbelsmentalwy,1
erperninurdtnemlayl,erperninurdtnemlayl,ppprsss,ppp,sss,nurd,erp_er_ni,tnem_la_yl,erperninurdtnemlayl,control,p,1.0,0,e,i,erpirninurdtnemlayl,0
undistrupisticly,undiztrupisticly,pprsss,pp,sss,trup,un_dis,ist_ic_ly,undistrupisticly,target,p,1.0,2,s,z,undiztrupisticly,1
nusidnimaertnemlayl,nusidnimaertnemleyl,ppprsss,ppp,sss,maer,nu_sid_ni,tnem_la_yl,nusidnimaertnemlayl,control,s,1.0,1,a,e,nusidnimaertnemleyl,1
maer,mael,r,,,maer,,,maer,control,r,,3,r,l,mael,1
erperninaetlufylssen,erperninaetlufylssen,ppprsss,ppp,sss,naet,erp_er_ni,luf_yl_ssen,erperninaetlufylssen,control,s,2.0,3,n,l,erperninaetlufylssel,0
imdistaun,imdistaen,ppr,pp,,taun,im_dis,,imdistaun,target,r,,2,u,e,imdistaen,1
misidroylufylssen,misidroylufylssen,pprsss,pp,sss,roy,mi_sid,luf_yl_ssen,misidroylufylssen,control,r,,1,o,i,misidriylufylssen,0
protrupisticly,protrupisticll,prsss,p,sss,trup,pro,ist_ic_ly,protrupisticly,target,s,2.0,1,y,l,protrupisticll,1
reoverexkrewisticly,reoverexkrewisticly,ppprsss,ppp,sss,krew,re_over_ex,ist_ic_ly,reoverexkrewisticly,target,p,2.0,1,x,s,reovereskrewisticly,0
siwsuoiyl,siwsuoiyl,rss,,ss,siw,,suoi_yl,siwsuoiyl,control,s,0.0,0,s,t,siwtuoiyl,0
depras,depres,pr,p,,pras,de,,depras,target,r,,2,a,e,depres,1
premorlyness,premollyness,prss,p,ss,mor,pre,ly_ness,premorlyness,target,r,,2,r,l,premollyness,1
uninheeder,uninheeder,pprs,pp,s,heed,un_in,er,uninheeder,target,r,,0,h,s,uninseeder,0
erpernilaekecna,erpernilaekecma,ppprs,ppp,s,laek,erp_er_ni,ecna,erpernilaekecna,control,s,0.0,2,n,m,erpernilaekecma,1
propraser,proplaser,prs,p,s,pras,pro,er,propraser,target,r,,1,r,l,proplaser,1
ernislebnoita,ernismebnoita,pprs,pp,s,sleb,er_ni,noita,ernislebnoita,control,r,,1,l,m,ernismebnoita,1
sidnitekre,tidnitekre,pprs,pp,s,tek,sid_ni,re,sidnitekre,control,p,0.0,0,s,t,tidnitekre,1
predisinketfullyness,predisinketfullyness,ppprsss,ppp,sss,ket,pre_dis_in,ful_ly_ness,predisinketfullyness,target,p,1.0,1,i,a,predasinketfullyness,0
deehtnemla,daehtnemla,rss,,ss,deeh,,tnem_la,deehtnemla,control,r,,1,e,a,daehtnemla,1
edriekcilayl,edwiekcilayl,prsss,p,sss,riek,ed,ci_la_yl,edriekcilayl,control,r,,0,r,w,edwiekcilayl,1
depookically,depookically,prsss,p,sss,pook,de,ic_al_ly,depookically,target,s,0.0,0,i,u,depookucally,0
erpernitrigcilayl,erpernitrigcilayl,ppprsss,ppp,sss,trig,erp_er_ni,ci_la_yl,erpernitrigcilayl,control,s,0.0,0,c,t,erpernitrigtilayl,0
redisprasically,redisprasically,pprsss,pp,sss,pras,re_dis,ic_al_ly,redisprasically,target,r,,0,p,b,redisbrasically,0
rieklatsici,riehlatsici,rsss,,sss,riek,,la_tsi_ci,rieklatsici,control,r,,3,k,h,riehlatsici,1
erpsidnitektnemlayl,irpsidnitektnemlayl,ppprsss,ppp,sss,tek,erp_sid_ni,tnem_la_yl,erpsidnitektnemlayl,control,p,0.0,0,e,i,irpsidnitektnemlayl,1
erpsidnislebsuoi,erpsidnislebsuoi,ppprs,ppp,s,sleb,erp_sid_ni,suoi,erpsidnislebsuoi,control,s,0.0,0,s,p,erpsidnislebpuoi,0
reinrienalistic,reinrienalistic,pprsss,pp,sss,rien,re_in,al_ist_ic,reinrienalistic,target,r,,1,i,e,reinreenalistic,0
proyorly,proyorly,prs,p,s,yor,pro,ly,proyorly,target,p,0.0,2,o,i,priyorly,0
imyormentally,imyormentally,prsss,p,sss,yor,im,ment_al_ly,imyormentally,target,s,1.0,0,a,o,imyormentolly,0
inbelsically,inbelsically,prsss,p,sss,bels,in,ic_al_ly,inbelsically,target,p,0.0,0,i,o,onbelsically,0
inheedical,inheadical,prss,p,ss,heed,in,ic_al,inheedical,target,r,,2,e,a,inheadical,1
naettnemla,naedtnemla,rss,,ss,naet,,tnem_la,naettnemla,control,r,,3,t,d,naedtnemla,1
reoverexkeiration,reoverexkeiration,ppprs,ppp,s,keir,re_over_ex,ation,reoverexkeiration,target,r,,0,k,s,reoverexseiration,0
werktnemlayl,werktnemlayl,rsss,,sss,werk,,tnem_la_yl,werktnemlayl,control,s,2.0,1,l,r,werktnemlayr,0
kealer,keamer,rs,,s,keal,,er,kealer,target,r,,3,l,m,keamer,1
rieksuoi,rieksuoi,rs,,s,riek,,suoi,rieksuoi,control,r,,1,i,e,reeksuoi,0
reoverexpontly,reoverexpontly,ppprs,ppp,s,pont,re_over_ex,ly,reoverexpontly,target,p,1.0,2,e,i,reovirexpontly,0
nusidwerktsiciyl,nusidwerktsiciyl,pprsss,pp,sss,werk,nu_sid,tsi_ci_yl,nusidwerktsiciyl,control,p,0.0,0,n,m,musidwerktsiciyl,0
heedisticly,heedisticly,rsss,,sss,heed,,ist_ic_ly,heedisticly,target,s,1.0,0,i,e,heedistecly,0
ninurdlufylssen,ninumdlufylssen,prsss,p,sss,nurd,ni,luf_yl_ssen,ninurdlufylssen,control,r,,2,r,m,ninumdlufylssen,1
roulally,roulally,rss,,ss,roul,,al_ly,roulally,target,r,,3,l,n,rounally,0
reoverexprasational,reoverexprasational,ppprss,ppp,ss,pras,re_over_ex,ation_al,reoverexprasational,target,r,,1,r,y,reoverexpyasational,0
inunaet,inenaet,pr,p,,naet,inu,,inunaet,control,p,0.0,2,u,e,inenaet,1
procarpational,procampational,prss,p,ss,carp,pro,ation_al,procarpational,target,r,,2,r,m,procampational,1
nusidtalcyl,nusidtalcyl,pprs,pp,s,talc,nu_sid,yl,nusidtalcyl,control,s,0.0,1,l,m,nusidtalcym,0
ernireemelba,ernireemelba,pprs,pp,s,reem,er_ni,elba,ernireemelba,control,r,,1,e,o,erniroemelba,0
undisinwisalistic,undisenwisalistic,ppprsss,ppp,sss,wis,un_dis_in,al_ist_ic,undisinwisalistic,target,p,2.0,0,i,e,undisenwisalistic,1
tececna,tececna,rs,,s,tec,,ecna,tececna,control,r,,0,t,k,kececna,0
prereket,prerekot,ppr,pp,,ket,pre_re,,prereket,target,r,,1,e,o,prerekot,1
retaunic,retaunic,prs,p,s,taun,re,ic,retaunic,target,p,0.0,0,r,l,letaunic,0
nireem,nureem,pr,p,,reem,ni,,nireem,control,p,0.0,1,i,u,nureem,1
nusidnigejlatsici,nusidnigejlatsici,ppprsss,ppp,sss,gej,nu_sid_ni,la_tsi_ci,nusidnigejlatsici,control,r,,2,j,m,nusidnigemlatsici,0
purtlayl,purplayl,rss,,ss,purt,,la_yl,purtlayl,control,r,,3,t,p,purplayl,1
undisincunfully,umdisincunfully,ppprss,ppp,ss,cun,un_dis_in,ful_ly,undisincunfully,target,p,0.0,1,n,m,umdisincunfully,1
misidmaernoita,lisidmaernoita,pprs,pp,s,maer,mi_sid,noita,misidmaernoita,control,p,0.0,0,m,l,lisidmaernoita,1
bodfully,bodfully,rss,,ss,bod,,ful_ly,bodfully,target,r,,0,b,d,dodfully,0
misarpelba,misarpelba,prs,p,s,sarp,mi,elba,misarpelba,control,p,0.0,0,m,y,yisarpelba,0
talclufylssen,taltlufylssen,rsss,,sss,talc,,luf_yl_ssen,talclufylssen,control,r,,3,c,t,taltlufylssen,1
reinpontically,reenpontically,pprsss,pp,sss,pont,re_in,ic_al_ly,reinpontically,target,p,1.0,0,i,e,reenpontically,1
cetalistic,cetalistic,rsss,,sss,cet,,al_ist_ic,cetalistic,target,s,1.0,1,s,h,cetalihtic,0
proroul,proroul,pr,p,,roul,pro,,proroul,target,r,,3,l,m,proroum,0
prereinroulisticly,prereinroulisticly,ppprsss,ppp,sss,roul,pre_re_in,ist_ic_ly,prereinroulisticly,target,r,,1,o,i,prereinriulisticly,0
reincun,reincum,ppr,pp,,cun,re_in,,reincun,target,r,,2,n,m,reincum,1
bodation,bodatien,rs,,s,bod,,ation,bodation,target,s,0.0,3,o,e,bodatien,1
wisational,wisational,rss,,ss,wis,,ation_al,wisational,target,s,0.0,2,i,o,wisatoonal,0
uningirtious,uningintious,pprs,pp,s,girt,un_in,ious,uningirtious,target,r,,2,r,n,uningintious,1
rekrewiously,rekrewiously,prss,p,ss,krew,re,ious_ly,rekrewiously,target,r,,2,e,i,rekriwiously,0
erniromtsiciyl,erniromtsiciyl,pprsss,pp,sss,rom,er_ni,tsi_ci_yl,erniromtsiciyl,control,r,,0,r,m,ernimomtsiciyl,0
nunimaerlayl,nunimaerlayl,pprss,pp,ss,maer,nu_ni,la_yl,nunimaerlayl,control,s,1.0,1,l,m,nunimaerlaym,0
sidnicolgcilayl,sidnicolgcilayl,pprsss,pp,sss,colg,sid_ni,ci_la_yl,sidnicolgcilayl,control,p,1.0,1,i,o,sidnocolgcilayl,0
trigtnem,trigtnem,rs,,s,trig,,tnem,trigtnem,control,r,,1,r,m,tmigtnem,0
predisincet,predisinset,pppr,ppp,,cet,pre_dis_in,,predisincet,target,r,,0,c,s,predisinset,1
cunal,cunal,rs,,s,cun,,al,cunal,target,r,,1,u,e,cenal,0
tnopnoitala,tnopmoitala,rss,,ss,tnop,,noita_la,tnopnoitala,control,s,0.0,0,n,m,tnopmoitala,1
erpsidniromyl,erpsidniromyl,ppprs,ppp,s,rom,erp_sid_ni,yl,erpsidniromyl,control,s,0.0,1,l,n,erpsidniromyn,0
reincarpisticly,reincarpisticly,pprsss,pp,sss,carp,re_in,ist_ic_ly,reincarpisticly,target,p,0.0,1,e,a,raincarpisticly,0
xeromcilayl,xeromcilayl,prsss,p,sss,rom,xe,ci_la_yl,xeromcilayl,control,s,1.0,0,l,n,xeromcinayl,0
sidprac,sidprac,pr,p,,prac,sid,,sidprac,control,r,,2,a,e,sidprec,0
prereingirt,prereingirt,pppr,ppp,,girt,pre_re_in,,prereingirt,target,p,0.0,1,r,w,pwereingirt,0
talclayl,talclayr,rss,,ss,talc,,la_yl,talclayl,control,s,1.0,1,l,r,talclayr,1
rebelsalistic,rebelsalistit,prsss,p,sss,bels,re,al_ist_ic,rebelsalistic,target,s,2.0,1,c,t,rebelsalistit,1
erpsidnicolgnoita,erpsidnicolgnoita,ppprs,ppp,s,colg,erp_sid_ni,noita,erpsidnicolgnoita,control,s,0.0,0,n,m,erpsidnicolgmoita,0
glocer,tlocer,rs,,s,gloc,,er,glocer,target,r,,0,g,t,tlocer,1
teklatsici,tuklatsici,rsss,,sss,tek,,la_tsi_ci,teklatsici,control,r,,1,e,u,tuklatsici,1
reoverexdruner,reoverexdruner,ppprs,ppp,s,drun,re_over_ex,er,reoverexdruner,target,r,,2,u,a,reoverexdraner,0
jegically,jagically,rsss,,sss,jeg,,ic_al_ly,jegically,target,r,,1,e,a,jagically,1
predisinbodically,predisinbodically,ppprsss,ppp,sss,bod,pre_dis_in,ic_al_ly,predisinbodically,target,s,1.0,1,l,r,predisinbodicarly,0
prereinyorfully,prereinyorfulll,ppprss,ppp,ss,yor,pre_re_in,ful_ly,prereinyorfully,target,s,1.0,1,y,l,prereinyorfulll,1
ersidnucci,ersodnucci,pprs,pp,s,nuc,er_sid,ci,ersidnucci,control,p,1.0,1,i,o,ersodnucci,1
ersarpsuoiyl,ersarpsuoiyl,prss,p,ss,sarp,er,suoi_yl,ersarpsuoiyl,control,s,0.0,1,u,a,ersarpsaoiyl,0
nusidnilaeklayl,nusidyilaeklayl,ppprss,ppp,ss,laek,nu_sid_ni,la_yl,nusidnilaeklayl,control,p,2.0,0,n,y,nusidyilaeklayl,1
disinpookal,disenpookal,pprs,pp,s,pook,dis_in,al,disinpookal,target,p,1.0,0,i,e,disenpookal,1
discarpical,discarpicol,prss,p,ss,carp,dis,ic_al,discarpical,target,s,1.0,0,a,o,discarpicol,1
orpgej,orpgej,pr,p,,gej,orp,,orpgej,control,p,0.0,1,r,m,ompgej,0
reincunfully,reincunfully,pprss,pp,ss,cun,re_in,ful_ly,reincunfully,target,r,,2,n,w,reincuwfully,0
reinbodisticly,reinbodisticlm,pprsss,pp,sss,bod,re_in,ist_ic_ly,reinbodisticly,target,s,2.0,1,y,m,reinbodisticlm,1
nunipracre,nunipracra,pprs,pp,s,prac,nu_ni,re,nunipracre,control,s,0.0,1,e,a,nunipracra,1
erniwerkcila,erniwerkcilo,pprss,pp,ss,werk,er_ni,ci_la,erniwerkcila,control,s,1.0,1,a,o,erniwerkcilo,1
morfullyness,mirfullyness,rsss,,sss,mor,,ful_ly_ness,morfullyness,target,r,,1,o,i,mirfullyness,1
orptectsiciyl,orptectsiciyl,prsss,p,sss,tec,orp,tsi_ci_yl,orptectsiciyl,control,s,1.0,1,i,e,orptectsiceyl,0
redisdrunly,redisdrunlm,pprs,pp,s,drun,re_dis,ly,redisdrunly,target,s,0.0,1,y,m,redisdrunlm,1
erpernipurt,erpemnipurt,pppr,ppp,,purt,erp_er_ni,,erpernipurt,control,p,1.0,1,r,m,erpemnipurt,1
krewational,krewationam,rss,,ss,krew,,ation_al,krewational,target,s,1.0,1,l,m,krewationam,1
pracla,pradla,rs,,s,prac,,la,pracla,control,r,,3,c,d,pradla,1
erpernilaek,erpernilaek,pppr,ppp,,laek,erp_er_ni,,erpernilaek,control,r,,1,a,e,erpernileek,0
imrienable,imrienable,prs,p,s,rien,im,able,imrienable,target,p,0.0,0,i,e,emrienable,0
erpsidnitnopnoita,erpsidnitnopnoita,ppprs,ppp,s,tnop,erp_sid_ni,noita,erpsidnitnopnoita,control,p,2.0,1,i,o,erpsidnotnopnoita,0
outfomally,outfomarly,prss,p,ss,fom,out,al_ly,outfomally,target,s,0.0,1,l,r,outfomarly,1
erpernimofla,erpernimofma,ppprs,ppp,s,mof,erp_er_ni,la,erpernimofla,control,s,0.0,0,l,m,erpernimofma,1
undisintrupance,undisintrupance,ppprs,ppp,s,trup,un_dis_in,ance,undisintrupance,target,p,2.0,1,n,r,undisirtrupance,0
teksuoiyl,tektuoiyl,rss,,ss,tek,,suoi_yl,teksuoiyl,control,s,0.0,0,s,t,tektuoiyl,1
deehci,deehci,rs,,s,deeh,,ci,deehci,control,r,,1,e,o,doehci,0
imdismeerfullyness,imdismeerfullyness,pprsss,pp,sss,meer,im_dis,ful_ly_ness,imdismeerfullyness,target,r,,2,e,a,imdismearfullyness,0
mofyl,mofml,rs,,s,mof,,yl,mofyl,control,s,0.0,0,y,m,mofml,1
nusidniluor,yusidniluor,pppr,ppp,,luor,nu_sid_ni,,nusidniluor,control,p,0.0,0,n,y,yusidniluor,1
ertalcla,ertalcla,prs,p,s,talc,er,la,ertalcla,control,r,,3,c,h,ertalhla,0
erperniromtsiciyl,erpelniromtsiciyl,ppprsss,ppp,sss,rom,erp_er_ni,tsi_ci_yl,erperniromtsiciyl,control,p,1.0,1,r,l,erpelniromtsiciyl,1
dobnoita,dobwoita,rs,,s,dob,,noita,dobnoita,control,s,0.0,0,n,w,dobwoita,1
undisinyoration,undisinyoration,ppprs,ppp,s,yor,un_dis_in,ation,undisinyoration,target,r,,0,y,j,undisinjoration,0
imdistruplyness,imdistruplynets,pprss,pp,ss,trup,im_dis,ly_ness,imdistruplyness,target,s,1.0,2,s,t,imdistruplynets,1
roully,woully,rs,,s,roul,,ly,roully,target,r,,0,r,w,woully,1
undisinmeerally,undisinmeerally,ppprss,ppp,ss,meer,un_dis_in,al_ly,undisinmeerally,target,r,,3,r,y,undisinmeeyally,0
ernidoblayl,ernidoblayl,pprss,pp,ss,dob,er_ni,la_yl,ernidoblayl,control,p,1.0,1,i,o,ernodoblayl,0
overexkeirically,overexkeiricully,pprsss,pp,sss,keir,over_ex,ic_al_ly,overexkeirically,target,s,1.0,0,a,u,overexkeiricully,1
rebelsmental,rebelsmental,prss,p,ss,bels,re,ment_al,rebelsmental,target,s,1.0,1,l,m,rebelsmentam,0
predisinglociously,predisinglociously,ppprss,ppp,ss,gloc,pre_dis_in,ious_ly,predisinglociously,target,r,,0,g,t,predisintlociously,0
prereinroulfullyness,prereinrouldullyness,ppprsss,ppp,sss,roul,pre_re_in,ful_ly_ness,prereinroulfullyness,target,s,0.0,0,f,d,prereinrouldullyness,1
uninclat,urinclat,ppr,pp,,clat,un_in,,uninclat,target,p,0.0,1,n,r,urinclat,1
undrunfullyness,undrunfullyness,prsss,p,sss,drun,un,ful_ly_ness,undrunfullyness,target,s,1.0,0,l,m,undrunfulmyness,0
erpsidniwerktnemlayl,erpsidriwerktnemlayl,ppprsss,ppp,sss,werk,erp_sid_ni,tnem_la_yl,erpsidniwerktnemlayl,control,p,2.0,0,n,r,erpsidriwerktnemlayl,1
kooplufylssen,kooplufylsben,rsss,,sss,koop,,luf_yl_ssen,kooplufylssen,control,s,2.0,1,s,b,kooplufylsben,1
disinyorfully,disinyorfully,pprss,pp,ss,yor,dis_in,ful_ly,disinyorfully,target,p,0.0,1,i,e,desinyorfully,0
retnicolgeta,retnicolgeta,prs,p,s,colg,retni,eta,retnicolgeta,control,p,0.0,2,t,d,rednicolgeta,0
exdrunal,exhrunal,prs,p,s,drun,ex,al,exdrunal,target,r,,0,d,h,exhrunal,1
misidgejlatsici,misicgejlatsici,pprsss,pp,sss,gej,mi_sid,la_tsi_ci,misidgejlatsici,control,p,1.0,2,d,c,misicgejlatsici,1
sidnitnoplayl,sidnityoplayl,pprss,pp,ss,tnop,sid_ni,la_yl,sidnitnoplayl,control,r,,1,n,y,sidnityoplayl,1
reemnoitala,reemnoitala,rss,,ss,reem,,noita_la,reemnoitala,control,s,0.0,3,t,s,reemnoisala,0
reroulal,reroulal,prs,p,s,roul,re,al,reroulal,target,p,0.0,1,e,o,roroulal,0
rekeiration,rekeiration,prs,p,s,keir,re,ation,rekeiration,target,r,,0,k,f,refeiration,0
undisinheed,undisonheed,pppr,ppp,,heed,un_dis_in,,undisinheed,target,p,2.0,0,i,o,undisonheed,1
imdisgirtalistic,imdisgirtalistic,pprsss,pp,sss,girt,im_dis,al_ist_ic,imdisgirtalistic,target,p,1.0,2,s,p,imdipgirtalistic,0
girtfully,girtfully,rss,,ss,girt,,ful_ly,girtfully,target,s,0.0,0,f,v,girtvully,0
marcilayl,mircilayl,rsss,,sss,mar,,ci_la_yl,marcilayl,control,r,,1,a,i,mircilayl,1
prasmentally,prasmentally,rsss,,sss,pras,,ment_al_ly,prasmentally,target,s,2.0,1,y,r,prasmentallr,0
minuazla,minuazla,prs,p,s,nuaz,mi,la,minuazla,control,p,0.0,0,m,y,yinuazla,0
retrupisticly,yetrupisticly,prsss,p,sss,trup,re,ist_ic_ly,retrupisticly,target,p,0.0,0,r,y,yetrupisticly,1
erniteclufyl,erniteclufyl,pprss,pp,ss,tec,er_ni,luf_yl,erniteclufyl,control,r,,1,e,o,ernitoclufyl,0
fomious,fomious,rs,,s,fom,,ious,fomious,target,s,0.0,0,i,a,fomaous,0
erperninuazcilayl,erperninuazcolayl,ppprsss,ppp,sss,nuaz,erp_er_ni,ci_la_yl,erperninuazcilayl,control,s,0.0,1,i,o,erperninuazcolayl,1
drunious,dranious,rs,,s,drun,,ious,drunious,target,r,,2,u,a,dranious,1
siw,siw,r,,,siw,,,siw,control,r,,2,w,y,siy,0
erperniteklufyl,erperniseklufyl,ppprss,ppp,ss,tek,erp_er_ni,luf_yl,erperniteklufyl,control,r,,0,t,s,erperniseklufyl,1
nimaerre,nimaerme,prs,p,s,maer,ni,re,nimaerre,control,s,0.0,0,r,m,nimaerme,1
errevoxeslebtsiciyl,errevoxeslebtsiciyl,ppprsss,ppp,sss,sleb,er_revo_xe,tsi_ci_yl,errevoxeslebtsiciyl,control,s,1.0,0,c,h,errevoxeslebtsihiyl,0
erpsidnigej,erpsidnigej,pppr,ppp,,gej,erp_sid_ni,,erpsidnigej,control,r,,2,j,m,erpsidnigem,0
erneir,erniir,pr,p,,neir,er,,erneir,control,r,,1,e,i,erniir,1
prereincunical,prereincunicar,ppprss,ppp,ss,cun,pre_re_in,ic_al,prereincunical,target,s,1.0,1,l,r,prereincunicar,1
sidnicolgtnemlayl,sidnicolgtnemlayl,pprsss,pp,sss,colg,sid_ni,tnem_la_yl,sidnicolgtnemlayl,control,r,,3,g,t,sidnicolttnemlayl,0
rieklufyl,raeklufyl,rss,,ss,riek,,luf_yl,rieklufyl,control,r,,1,i,a,raeklufyl,1
uninmorally,uninmorally,pprss,pp,ss,mor,un_in,al_ly,uninmorally,target,p,1.0,0,i,e,unenmorally,0
rekealical,rekealical,prss,p,ss,keal,re,ic_al,rekealical,target,r,,0,k,t,retealical,0
sidniwerkla,sidliwerkla,pprs,pp,s,werk,sid_ni,la,sidniwerkla,control,p,1.0,0,n,l,sidliwerkla,1
carpisticly,carpisticly,rsss,,sss,carp,,ist_ic_ly,carpisticly,target,r,,3,p,c,carcisticly,0
inglocational,inglocational,prss,p,ss,gloc,in,ation_al,inglocational,target,r,,2,o,a,inglacational,0
heedlyness,heedlnness,rss,,ss,heed,,ly_ness,heedlyness,target,s,0.0,1,y,n,heedlnness,1
cet,cet,r,,,cet,,,cet,target,r,,1,e,a,cat,0
reprasically,reprasicamly,prsss,p,sss,pras,re,ic_al_ly,reprasically,target,s,1.0,1,l,m,reprasicamly,1
defomically,defomicallm,prsss,p,sss,fom,de,ic_al_ly,defomically,target,s,2.0,1,y,m,defomicallm,1
prereinclatance,prereindlatance,ppprs,ppp,s,clat,pre_re_in,ance,prereinclatance,target,r,,0,c,d,prereindlatance,1
unintrup,unintruh,ppr,pp,,trup,un_in,,unintrup,target,r,,3,p,h,unintruh,1
nusidniwerktnemlayl,nusidniwerktnemlayl,ppprsss,ppp,sss,werk,nu_sid_ni,tnem_la_yl,nusidniwerktnemlayl,control,p,2.0,0,n,y,nusidyiwerktnemlayl,0
nisiw,nisiw,pr,p,,siw,ni,,nisiw,control,r,,1,i,e,nisew,0
erperreemla,erperreemla,pprs,pp,s,reem,erp_er,la,erperreemla,control,s,0.0,1,a,e,erperreemle,0
prerebelsal,prerebelsal,pprs,pp,s,bels,pre_re,al,prerebelsal,target,r,,3,s,t,prerebeltal,0
disinrien,disinrien,ppr,pp,,rien,dis_in,,disinrien,target,r,,2,e,i,disinriin,0
erpsidniwerksuoiyl,erpsidniwenksuoiyl,ppprss,ppp,ss,werk,erp_sid_ni,suoi_yl,erpsidniwerksuoiyl,control,r,,2,r,n,erpsidniwenksuoiyl,1
infomer,onfomer,prs,p,s,fom,in,er,infomer,target,p,0.0,0,i,o,onfomer,1
pracsuoi,pracsuoi,rs,,s,prac,,suoi,pracsuoi,control,s,0.0,1,u,e,pracseoi,0
exyor,oxyor,pr,p,,yor,ex,,exyor,target,p,0.0,0,e,o,oxyor,1
predisinreammentally,predisinrearmentally,ppprsss,ppp,sss,ream,pre_dis_in,ment_al_ly,predisinreammentally,target,r,,3,m,r,predisinrearmentally,1
untaunational,untaunational,prss,p,ss,taun,un,ation_al,untaunational,target,s,0.0,1,t,b,untaunabional,0
disinkeal,disinkeal,ppr,pp,,keal,dis_in,,disinkeal,target,r,,0,k,h,disinheal,0
undisintean,undisintean,pppr,ppp,,tean,un_dis_in,,undisintean,target,r,,0,t,h,undisinhean,0
rerien,rerien,pr,p,,rien,re,,rerien,target,r,,3,n,l,reriel,0
mitecnoitala,mitecnoitala,prss,p,ss,tec,mi,noita_la,mitecnoitala,control,r,,2,c,s,mitesnoitala,0
disindrunmental,disindrunmentam,pprss,pp,ss,drun,dis_in,ment_al,disindrunmental,target,s,1.0,1,l,m,disindrunmentam,1
predisinkrew,predisinkrew,pppr,ppp,,krew,pre_dis_in,,predisinkrew,target,r,,3,w,m,predisinkrem,0
repromlayl,repromlayj,prss,p,ss,rom,rep,la_yl,repromlayl,control,s,1.0,1,l,j,repromlayj,1
niluorcilayl,niluorcilayl,prsss,p,sss,luor,ni,ci_la_yl,niluorcilayl,control,r,,0,l,w,niwuorcilayl,0
meermentally,meermentally,rsss,,sss,meer,,ment_al_ly,meermentally,target,r,,0,m,l,leermentally,0
errevoxereem,ermevoxereem,pppr,ppp,,reem,er_revo_xe,,errevoxereem,control,p,1.0,0,r,m,ermevoxereem,1
ernaettnemla,ernaettnemla,prss,p,ss,naet,er,tnem_la,ernaettnemla,control,s,1.0,1,a,o,ernaettnemlo,0
ersidgejcilayl,emsidgejcilayl,pprsss,pp,sss,gej,er_sid,ci_la_yl,ersidgejcilayl,control,p,0.0,1,r,m,emsidgejcilayl,1
ernuaztsiciyl,ernuahtsiciyl,prsss,p,sss,nuaz,er,tsi_ci_yl,ernuaztsiciyl,control,r,,3,z,h,ernuahtsiciyl,1
prasational,hrasational,rss,,ss,pras,,ation_al,prasational,target,r,,0,p,h,hrasational,1
belsmentally,belsmentally,rsss,,sss,bels,,ment_al_ly,belsmentally,target,s,1.0,1,l,w,belsmentawly,0
rebels,rebelp,pr,p,,bels,re,,rebels,target,r,,3,s,p,rebelp,1
erperniriektsiciyl,erperniriektsiciyl,ppprsss,ppp,sss,riek,erp_er_ni,tsi_ci_yl,erperniriektsiciyl,control,p,2.0,1,i,a,erpernariektsiciyl,0
nunitnoptnemlayl,nunitnottnemlayl,pprsss,pp,sss,tnop,nu_ni,tnem_la_yl,nunitnoptnemlayl,control,r,,3,p,t,nunitnottnemlayl,1
sidnipurt,sidnipurt,ppr,pp,,purt,sid_ni,,sidnipurt,control,r,,0,p,t,sidniturt,0
luoryl,luoryl,rs,,s,luor,,yl,luoryl,control,r,,3,r,y,luoyyl,0
cetation,cetation,rs,,s,cet,,ation,cetation,target,s,0.0,2,i,e,cetateon,0
ersiwcilayl,ersiwcilanl,prsss,p,sss,siw,er,ci_la_yl,ersiwcilayl,control,s,2.0,0,y,n,ersiwcilanl,1
clatfullyness,clatfullyness,rsss,,sss,clat,,ful_ly_ness,clatfullyness,target,r,,3,t,b,clabfullyness,0
uninjegfullyness,uninjegfullyness,pprsss,pp,sss,jeg,un_in,ful_ly_ness,uninjegfullyness,target,s,2.0,3,s,p,uninjegfullynesp,0
sidnirom,sidnirom,ppr,pp,,rom,sid_ni,,sidnirom,control,p,0.0,1,i,e,sednirom,0
reinpookational,reinpookational,pprss,pp,ss,pook,re_in,ation_al,reinpookational,target,s,0.0,0,a,e,reinpooketional,0
prereyorfullyness,prereyorfullyness,pprsss,pp,sss,yor,pre_re,ful_ly_ness,prereyorfullyness,target,p,1.0,0,r,m,premeyorfullyness,0
neirsuoiyl,neirsuoiym,rss,,ss,neir,,suoi_yl,neirsuoiyl,control,s,1.0,1,l,m,neirsuoiym,1
undisingloc,undisingloc,pppr,ppp,,gloc,un_dis_in,,undisingloc,target,p,1.0,0,d,p,unpisingloc,0
predisinfomation,predisinfomation,ppprs,ppp,s,fom,pre_dis_in,ation,predisinfomation,target,r,,1,o,a,predisinfamation,0
excarper,axcarper,prs,p,s,carp,ex,er,excarper,target,p,0.0,0,e,a,axcarper,1
reoverexpook,yeoverexpook,pppr,ppp,,pook,re_over_ex,,reoverexpook,target,p,0.0,0,r,y,yeoverexpook,1
practnemlayl,practnemlayl,rsss,,sss,prac,,tnem_la_yl,practnemlayl,control,s,1.0,1,a,e,practnemleyl,0
ernimaer,eryimaer,ppr,pp,,maer,er_ni,,ernimaer,control,p,1.0,0,n,y,eryimaer,1
erperninuaz,erpemninuaz,pppr,ppp,,nuaz,erp_er_ni,,erperninuaz,control,p,1.0,1,r,m,erpemninuaz,1
werkre,werkre,rs,,s,werk,,re,werkre,control,r,,3,k,h,werhre,0
taunalistic,taunalistic,rsss,,sss,taun,,al_ist_ic,taunalistic,target,r,,3,n,r,tauralistic,0
erpractnemla,erprictnemla,prss,p,ss,prac,er,tnem_la,erpractnemla,control,r,,2,a,i,erprictnemla,1
nikoopcila,nekoopcila,prss,p,ss,koop,ni,ci_la,nikoopcila,control,p,0.0,1,i,e,nekoopcila,1
projeg,proreg,pr,p,,jeg,pro,,projeg,target,r,,0,j,r,proreg,1
uninfom,uninvom,ppr,pp,,fom,un_in,,uninfom,target,r,,0,f,v,uninvom,1
ersidcolgeta,ersodcolgeta,pprs,pp,s,colg,er_sid,eta,ersidcolgeta,control,p,1.0,1,i,o,ersodcolgeta,1
uninwismentally,uninwisyentally,pprsss,pp,sss,wis,un_in,ment_al_ly,uninwismentally,target,s,0.0,0,m,y,uninwisyentally,1
jegical,jegical,rss,,ss,jeg,,ic_al,jegical,target,s,0.0,1,c,g,jegigal,0
predisinroulious,predisinroulious,ppprs,ppp,s,roul,pre_dis_in,ious,predisinroulious,target,p,1.0,0,d,t,pretisinroulious,0
heedational,heehational,rss,,ss,heed,,ation_al,heedational,target,r,,3,d,h,heehational,1
reoverexcunmental,reoverexcurmental,ppprss,ppp,ss,cun,re_over_ex,ment_al,reoverexcunmental,target,r,,2,n,r,reoverexcurmental,1
errevoxepractnemlayl,errevoxepractnemlayl,ppprsss,ppp,sss,prac,er_revo_xe,tnem_la_yl,errevoxepractnemlayl,control,r,,2,a,e,errevoxeprectnemlayl,0
ersidwerk,ersidwerk,ppr,pp,,werk,er_sid,,ersidwerk,control,r,,2,r,m,ersidwemk,0
ersarp,ersarp,pr,p,,sarp,er,,ersarp,control,r,,0,s,p,erparp,0
xenuaz,xenuaz,pr,p,,nuaz,xe,,xenuaz,control,r,,3,z,v,xenuav,0
prereinrienfully,hrereinrienfully,ppprss,ppp,ss,rien,pre_re_in,ful_ly,prereinrienfully,target,p,0.0,0,p,h,hrereinrienfully,1
misiddeeh,misiddeeh,ppr,pp,,deeh,mi_sid,,misiddeeh,control,p,0.0,0,m,n,nisiddeeh,0
undisbodic,undisbodic,pprs,pp,s,bod,un_dis,ic,undisbodic,target,s,0.0,1,c,h,undisbodih,0
erpsidnitekcila,erpsidnitekcila,ppprss,ppp,ss,tek,erp_sid_ni,ci_la,erpsidnitekcila,control,p,2.0,1,i,o,erpsidnotekcila,0
prereinfomally,prereinfomally,ppprss,ppp,ss,fom,pre_re_in,al_ly,prereinfomally,target,p,2.0,0,i,a,prereanfomally,0
imdispontation,imdispentation,pprs,pp,s,pont,im_dis,ation,imdispontation,target,r,,1,o,e,imdispentation,1
clatate,clasate,rs,,s,clat,,ate,clatate,target,r,,3,t,s,clasate,1
clat,crat,r,,,clat,,,clat,target,r,,1,l,r,crat,1
wisiously,wisioisly,rss,,ss,wis,,ious_ly,wisiously,target,s,0.0,2,u,i,wisioisly,1
nunimof,nunimof,ppr,pp,,mof,nu_ni,,nunimof,control,p,1.0,1,i,e,nunemof,0
intaunically,intaunically,prsss,p,sss,taun,in,ic_al_ly,intaunically,target,r,,2,u,e,intaenically,0
nusidniwerkre,nusidniwerkre,ppprs,ppp,s,werk,nu_sid_ni,re,nusidniwerkre,control,r,,0,w,m,nusidnimerkre,0
sidniluor,sidniluor,ppr,pp,,luor,sid_ni,,sidniluor,control,r,,1,u,e,sidnileor,0
ninaet,ninaet,pr,p,,naet,ni,,ninaet,control,p,0.0,0,n,m,minaet,0
reoverexmeerational,reoveresmeerational,ppprss,ppp,ss,meer,re_over_ex,ation_al,reoverexmeerational,target,p,2.0,1,x,s,reoveresmeerational,1
erpsidnimaercilayl,erssidnimaercilayl,ppprsss,ppp,sss,maer,erp_sid_ni,ci_la_yl,erpsidnimaercilayl,control,p,0.0,2,p,s,erssidnimaercilayl,1
undisintrupiously,undisintrupiously,ppprss,ppp,ss,trup,un_dis_in,ious_ly,undisintrupiously,target,s,0.0,2,u,a,undisintrupioasly,0
erpsidnineirlufylssen,erpsidnaneirlufylssen,ppprsss,ppp,sss,neir,erp_sid_ni,luf_yl_ssen,erpsidnineirlufylssen,control,p,2.0,1,i,a,erpsidnaneirlufylssen,1
ersidslebsuoiyl,ersidslebsuoiyl,pprss,pp,ss,sleb,er_sid,suoi_yl,ersidslebsuoiyl,control,s,0.0,3,i,e,ersidslebsuoeyl,0
erniroycilayl,erniroycilayl,pprsss,pp,sss,roy,er_ni,ci_la_yl,erniroycilayl,control,p,0.0,0,e,a,arniroycilayl,0
inrienally,inyienally,prss,p,ss,rien,in,al_ly,inrienally,target,r,,0,r,y,inyienally,1
undisinkrewer,undisinkrewer,ppprs,ppp,s,krew,un_dis_in,er,undisinkrewer,target,r,,2,e,a,undisinkrawer,0
errevoxenurdnoitala,errevoxenurdnoitala,ppprss,ppp,ss,nurd,er_revo_xe,noita_la,errevoxenurdnoitala,control,s,0.0,1,o,a,errevoxenurdnaitala,0
riek,riek,r,,,riek,,,riek,control,r,,3,k,d,ried,0
undisinmorer,undisinmorer,ppprs,ppp,s,mor,un_dis_in,er,undisinmorer,target,r,,0,m,l,undisinlorer,0
inpookically,inpookicallm,prsss,p,sss,pook,in,ic_al_ly,inpookically,target,s,2.0,1,y,m,inpookicallm,1
prerekeallyness,prerekeallyness,pprss,pp,ss,keal,pre_re,ly_ness,prerekeallyness,target,r,,2,a,o,prerekeollyness,0
retnipracnoitala,retnipracnoitalo,prss,p,ss,prac,retni,noita_la,retnipracnoitala,control,s,1.0,1,a,o,retnipracnoitalo,1
reinmeerally,reinmeerally,pprss,pp,ss,meer,re_in,al_ly,reinmeerally,target,r,,3,r,l,reinmeelally,0
unexkealalistic,umexkealalistic,pprsss,pp,sss,keal,un_ex,al_ist_ic,unexkealalistic,target,p,0.0,1,n,m,umexkealalistic,1
ernaetci,ernaetci,prs,p,s,naet,er,ci,ernaetci,control,p,0.0,0,e,o,ornaetci,0
ergejlufylssen,ergejlufylssen,prsss,p,sss,gej,er,luf_yl_ssen,ergejlufylssen,control,r,,1,e,u,ergujlufylssen,0
ketic,tetic,rs,,s,ket,,ic,ketic,target,r,,0,k,t,tetic,1
xedoblayl,xedobrayl,prss,p,ss,dob,xe,la_yl,xedoblayl,control,s,0.0,0,l,r,xedobrayl,1
errevoxerometa,errevoxorometa,ppprs,ppp,s,rom,er_revo_xe,eta,errevoxerometa,control,p,2.0,1,e,o,errevoxorometa,1
cun,cun,r,,,cun,,,cun,target,r,,0,c,h,hun,0
erniluorlayl,erniluirlayl,pprss,pp,ss,luor,er_ni,la_yl,erniluorlayl,control,r,,2,o,i,erniluirlayl,1
erniteknoitala,erniteknoitala,pprss,pp,ss,tek,er_ni,noita_la,erniteknoitala,control,s,1.0,0,l,m,erniteknoitama,0
predisindrun,predisindrun,pppr,ppp,,drun,pre_dis_in,,predisindrun,target,p,0.0,0,p,t,tredisindrun,0
inroulisticly,onroulisticly,prsss,p,sss,roul,in,ist_ic_ly,inroulisticly,target,p,0.0,0,i,o,onroulisticly,1
nuninaetci,juninaetci,pprs,pp,s,naet,nu_ni,ci,nuninaetci,control,p,0.0,0,n,j,juninaetci,1
orptrig,orptrig,pr,p,,trig,orp,,orptrig,control,p,0.0,2,p,t,orttrig,0
ergejlatsici,ergejlatsici,prsss,p,sss,gej,er,la_tsi_ci,ergejlatsici,control,s,1.0,1,s,t,ergejlattici,0
laekla,laekwa,rs,,s,laek,,la,laekla,control,s,0.0,0,l,w,laekwa,1
niriek,niroek,pr,p,,riek,ni,,niriek,control,r,,1,i,o,niroek,1
predisinbelsation,predisinbelsation,ppprs,ppp,s,bels,pre_dis_in,ation,predisinbelsation,target,s,0.0,1,t,g,predisinbelsagion,0
erperroytnemla,erperroytnemla,pprss,pp,ss,roy,erp_er,tnem_la,erperroytnemla,control,p,1.0,0,e,a,erparroytnemla,0
krewiously,kmewiously,rss,,ss,krew,,ious_ly,krewiously,target,r,,1,r,m,kmewiously,1
nusidnineircilayl,nusidwineircilayl,ppprsss,ppp,sss,neir,nu_sid_ni,ci_la_yl,nusidnineircilayl,control,p,2.0,0,n,w,nusidwineircilayl,1
dedrunically,tedrunically,prsss,p,sss,drun,de,ic_al_ly,dedrunically,target,p,0.0,0,d,t,tedrunically,1
prerecet,prerecet,ppr,pp,,cet,pre_re,,prerecet,target,p,1.0,1,e,a,preracet,0
undisinkealically,undisinkealically,ppprsss,ppp,sss,keal,un_dis_in,ic_al_ly,undisinkealically,target,r,,3,l,n,undisinkeanically,0
riekyl,riekml,rs,,s,riek,,yl,riekyl,control,s,0.0,0,y,m,riekml,1
neirtsiciyl,niirtsiciyl,rsss,,sss,neir,,tsi_ci_yl,neirtsiciyl,control,r,,1,e,i,niirtsiciyl,1
ersiddeehlatsici,ersiddeehlatsici,pprsss,pp,sss,deeh,er_sid,la_tsi_ci,ersiddeehlatsici,control,r,,0,d,h,ersidheehlatsici,0
errevoxemaeryl,erreboxemaeryl,ppprs,ppp,s,maer,er_revo_xe,yl,errevoxemaeryl,control,p,1.0,2,v,b,erreboxemaeryl,1
reoverexgirtmental,reoverexpirtmental,ppprss,ppp,ss,girt,re_over_ex,ment_al,reoverexgirtmental,target,r,,0,g,p,reoverexpirtmental,1
dewiser,tewiser,prs,p,s,wis,de,er,dewiser,target,p,0.0,0,d,t,tewiser,1
prereinkeiral,prereinkeiril,ppprs,ppp,s,keir,pre_re_in,al,prereinkeiral,target,s,0.0,0,a,i,prereinkeiril,1
uninreamure,uninreamure,pprs,pp,s,ream,un_in,ure,uninreamure,target,s,0.0,1,r,w,uninreamuwe,0
erwerkcilayl,eywerkcilayl,prsss,p,sss,werk,er,ci_la_yl,erwerkcilayl,control,p,0.0,1,r,y,eywerkcilayl,1
predisinpontally,predisinpontally,ppprss,ppp,ss,pont,pre_dis_in,al_ly,predisinpontally,target,p,2.0,1,n,j,predisijpontally,0
erpermar,erpermam,ppr,pp,,mar,erp_er,,erpermar,control,r,,2,r,m,erpermam,1
incetically,inceticaljy,prsss,p,sss,cet,in,ic_al_ly,incetically,target,s,2.0,0,l,j,inceticaljy,1
redisriener,redisrieney,pprs,pp,s,rien,re_dis,er,redisriener,target,s,0.0,1,r,y,redisrieney,1
nuctsiciyl,nuttsiciyl,rsss,,sss,nuc,,tsi_ci_yl,nuctsiciyl,control,r,,2,c,t,nuttsiciyl,1
nisleb,nisleb,pr,p,,sleb,ni,,nisleb,control,p,0.0,1,i,a,nasleb,0
infomation,infolation,prs,p,s,fom,in,ation,infomation,target,r,,2,m,l,infolation,1
prereinwisisticly,prereimwisisticly,ppprsss,ppp,sss,wis,pre_re_in,ist_ic_ly,prereinwisisticly,target,p,2.0,1,n,m,prereimwisisticly,1
inkeirfullyness,inkeirfullynets,prsss,p,sss,keir,in,ful_ly_ness,inkeirfullyness,target,s,2.0,2,s,t,inkeirfullynets,1
ernuedcolgcilayl,ernuedcolgcilayl,ppprsss,ppp,sss,colg,er_nu_ed,ci_la_yl,ernuedcolgcilayl,control,p,1.0,0,n,m,ermuedcolgcilayl,0
prereinmormental,prereinmormentar,ppprss,ppp,ss,mor,pre_re_in,ment_al,prereinmormental,target,s,1.0,1,l,r,prereinmormentar,1
nureem,nuraem,pr,p,,reem,nu,,nureem,control,r,,1,e,a,nuraem,1
rediskrew,rodiskrew,ppr,pp,,krew,re_dis,,rediskrew,target,p,0.0,1,e,o,rodiskrew,1
pontalistic,vontalistic,rsss,,sss,pont,,al_ist_ic,pontalistic,target,r,,0,p,v,vontalistic,1
prereinkrewer,prereinkrewer,ppprs,ppp,s,krew,pre_re_in,er,prereinkrewer,target,s,0.0,0,e,o,prereinkrewor,0
slebyl,slebyl,rs,,s,sleb,,yl,slebyl,control,r,,1,l,m,smebyl,0
xesarpcila,xesarpcila,prss,p,ss,sarp,xe,ci_la,xesarpcila,control,p,0.0,1,e,a,xasarpcila,0
trupmental,trupmental,rss,,ss,trup,,ment_al,trupmental,target,s,1.0,0,a,o,trupmentol,0
errevoxenuctnemla,urrevoxenuctnemla,ppprss,ppp,ss,nuc,er_revo_xe,tnem_la,errevoxenuctnemla,control,p,0.0,0,e,u,urrevoxenuctnemla,1
errevoxedobtnemla,errevoxedobtnemla,ppprss,ppp,ss,dob,er_revo_xe,tnem_la,errevoxedobtnemla,control,p,0.0,1,r,m,emrevoxedobtnemla,0
disinkealfully,disinkealfully,pprss,pp,ss,keal,dis_in,ful_ly,disinkealfully,target,p,1.0,1,n,m,disimkealfully,0
edsiwre,edsowre,prs,p,s,siw,ed,re,edsiwre,control,r,,1,i,o,edsowre,1
rekeirational,rekeirationel,prss,p,ss,keir,re,ation_al,rekeirational,target,s,1.0,0,a,e,rekeirationel,1
reoverexpontate,reovereqpontate,ppprs,ppp,s,pont,re_over_ex,ate,reoverexpontate,target,p,2.0,1,x,q,reovereqpontate,1
minuctnemlayl,minuctnemlaml,prsss,p,sss,nuc,mi,tnem_la_yl,minuctnemlayl,control,s,2.0,0,y,m,minuctnemlaml,1
erpsidninuclayl,erpsidninuclayr,ppprss,ppp,ss,nuc,erp_sid_ni,la_yl,erpsidninuclayl,control,s,1.0,1,l,r,erpsidninuclayr,1
errevoxewerktsiciyl,errevoxewerktsiciyl,ppprsss,ppp,sss,werk,er_revo_xe,tsi_ci_yl,errevoxewerktsiciyl,control,s,1.0,0,c,t,errevoxewerktsitiyl,0
slebnoitala,slebnoitala,rss,,ss,sleb,,noita_la,slebnoitala,control,r,,0,s,d,dlebnoitala,0
dobylssen,tobylssen,rss,,ss,dob,,yl_ssen,dobylssen,control,r,,0,d,t,tobylssen,1
subdrun,subdrun,pr,p,,drun,sub,,subdrun,target,p,0.0,0,s,h,hubdrun,0
yoristicly,yoristicly,rsss,,sss,yor,,ist_ic_ly,yoristicly,target,s,2.0,0,l,m,yoristicmy,0
laekre,laekre,rs,,s,laek,,re,laekre,control,r,,0,l,m,maekre,0
nunirieklayl,nuniriaklayl,pprss,pp,ss,riek,nu_ni,la_yl,nunirieklayl,control,r,,2,e,a,nuniriaklayl,1
ketally,ketally,rss,,ss,ket,,al_ly,ketally,target,s,0.0,0,a,o,ketolly,0
pookational,poohational,rss,,ss,pook,,ation_al,pookational,target,r,,3,k,h,poohational,1
erslebre,emslebre,prs,p,s,sleb,er,re,erslebre,control,p,0.0,1,r,m,emslebre,1
imdiscet,imdidcet,ppr,pp,,cet,im_dis,,imdiscet,target,p,1.0,2,s,d,imdidcet,1
xegejla,xogejla,prs,p,s,gej,xe,la,xegejla,control,p,0.0,1,e,o,xogejla,1
orpluor,orpluor,pr,p,,luor,orp,,orpluor,control,p,0.0,0,o,a,arpluor,0
ernipraclufylssen,ernipraclufylssen,pprsss,pp,sss,prac,er_ni,luf_yl_ssen,ernipraclufylssen,control,s,0.0,2,f,p,ernipraclupylssen,0
triglayl,tjiglayl,rss,,ss,trig,,la_yl,triglayl,control,r,,1,r,j,tjiglayl,1
xetecre,xetecre,prs,p,s,tec,xe,re,xetecre,control,s,0.0,1,e,o,xetecro,0
reoverexteanmentally,reoverexheanmentally,ppprsss,ppp,sss,tean,re_over_ex,ment_al_ly,reoverexteanmentally,target,r,,0,t,h,reoverexheanmentally,1
unigirt,unigirt,pr,p,,girt,uni,,unigirt,target,p,0.0,0,u,e,enigirt,0
disinbodically,disinbodicalmy,pprsss,pp,sss,bod,dis_in,ic_al_ly,disinbodically,target,s,2.0,0,l,m,disinbodicalmy,1
erniluortsiciyl,erniluertsiciyl,pprsss,pp,sss,luor,er_ni,tsi_ci_yl,erniluortsiciyl,control,r,,2,o,e,erniluertsiciyl,1
rerienmentally,rurienmentally,prsss,p,sss,rien,re,ment_al_ly,rerienmentally,target,p,0.0,1,e,u,rurienmentally,1
xelaeknoita,telaeknoita,prs,p,s,laek,xe,noita,xelaeknoita,control,p,0.0,0,x,t,telaeknoita,1
ernideehtnemlayl,erniduehtnemlayl,pprsss,pp,sss,deeh,er_ni,tnem_la_yl,ernideehtnemlayl,control,r,,1,e,u,erniduehtnemlayl,1
edroycilayl,edroycilayl,prsss,p,sss,roy,ed,ci_la_yl,edroycilayl,control,r,,1,o,i,edriycilayl,0
nunipurtlufylssen,nunipurtlufylssen,pprsss,pp,sss,purt,nu_ni,luf_yl_ssen,nunipurtlufylssen,control,r,,2,r,w,nunipuwtlufylssen,0
uninpookally,uninpookally,pprss,pp,ss,pook,un_in,al_ly,uninpookally,target,r,,1,o,a,uninpaokally,0
erpsidnicolg,erpsidnicolg,pppr,ppp,,colg,erp_sid_ni,,erpsidnicolg,control,r,,1,o,i,erpsidnicilg,0
remor,memor,pr,p,,mor,re,,remor,target,p,0.0,0,r,m,memor,1
marlufyl,marlufyl,rss,,ss,mar,,luf_yl,marlufyl,control,s,1.0,1,l,r,marlufyr,0
erpernikoopre,erpernikoopre,ppprs,ppp,s,koop,erp_er_ni,re,erpernikoopre,control,r,,1,o,a,erpernikaopre,0
errevoxesarp,errevoxeserp,pppr,ppp,,sarp,er_revo_xe,,errevoxesarp,control,r,,1,a,e,errevoxeserp,1
sidnitnoplufyl,sidnitnoplifyl,pprss,pp,ss,tnop,sid_ni,luf_yl,sidnitnoplufyl,control,s,0.0,1,u,i,sidnitnoplifyl,1
krewalistic,trewalistic,rsss,,sss,krew,,al_ist_ic,krewalistic,target,r,,0,k,t,trewalistic,1
undismorate,undismorete,pprs,pp,s,mor,un_dis,ate,undismorate,target,s,0.0,0,a,e,undismorete,1
exmorally,exmoraljy,prss,p,ss,mor,ex,al_ly,exmorally,target,s,1.0,0,l,j,exmoraljy,1
revoxerom,revoxerom,ppr,pp,,rom,revo_xe,,revoxerom,control,p,0.0,1,e,a,ravoxerom,0
erniroyeta,erneroyeta,pprs,pp,s,roy,er_ni,eta,erniroyeta,control,p,1.0,1,i,e,erneroyeta,1
reindrun,reindrun,ppr,pp,,drun,re_in,,reindrun,target,r,,0,d,c,reincrun,0
inclat,incrat,pr,p,,clat,in,,inclat,target,r,,1,l,r,incrat,1
ertnoptnemlayl,ertnoptnemlayl,prsss,p,sss,tnop,er,tnem_la_yl,ertnoptnemlayl,control,s,1.0,1,a,e,ertnoptnemleyl,0
reinkeirate,reinkeirate,pprs,pp,s,keir,re_in,ate,reinkeirate,target,p,1.0,1,n,w,reiwkeirate,0
nuninuclayl,nuninuclayl,pprss,pp,ss,nuc,nu_ni,la_yl,nuninuclayl,control,r,,1,u,o,nuninoclayl,0
nusidnitec,nusitnitec,pppr,ppp,,tec,nu_sid_ni,,nusidnitec,control,p,1.0,2,d,t,nusitnitec,1
erroylufylssen,irroylufylssen,prsss,p,sss,roy,er,luf_yl_ssen,erroylufylssen,control,p,0.0,0,e,i,irroylufylssen,1
prereinwis,premeinwis,pppr,ppp,,wis,pre_re_in,,prereinwis,target,p,1.0,0,r,m,premeinwis,1
imdispontable,imdespontable,pprs,pp,s,pont,im_dis,able,imdispontable,target,p,1.0,1,i,e,imdespontable,1
erpersleb,erpersleb,ppr,pp,,sleb,erp_er,,erpersleb,control,p,0.0,2,p,d,erdersleb,0
wisal,lisal,rs,,s,wis,,al,wisal,target,r,,0,w,l,lisal,1
ersidroy,ersidroy,ppr,pp,,roy,er_sid,,ersidroy,control,r,,2,y,m,ersidrom,0
reinwiser,reinwiser,pprs,pp,s,wis,re_in,er,reinwiser,target,r,,2,s,t,reinwiter,0
redispook,redispook,ppr,pp,,pook,re_dis,,redispook,target,p,0.0,1,e,a,radispook,0
prereintaunment,prereintaunment,ppprs,ppp,s,taun,pre_re_in,ment,prereintaunment,target,s,0.0,0,m,y,prereintaunyent,0
rejegfullyness,rejegfullyness,prsss,p,sss,jeg,re,ful_ly_ness,rejegfullyness,target,s,0.0,0,f,t,rejegtullyness,0
nusidniluornoita,nusidniluornoita,ppprs,ppp,s,luor,nu_sid_ni,noita,nusidniluornoita,control,r,,1,u,i,nusidniliornoita,0
rienical,rienecal,rss,,ss,rien,,ic_al,rienical,target,s,0.0,0,i,e,rienecal,1
intergirtational,intargirtational,prss,p,ss,girt,inter,ation_al,intergirtational,target,p,0.0,3,e,a,intargirtational,1
heedalistic,heedilistic,rsss,,sss,heed,,al_ist_ic,heedalistic,target,s,0.0,0,a,i,heedilistic,1
unimor,uniror,pr,p,,mor,uni,,unimor,target,r,,0,m,r,uniror,1
sidnipraccilayl,sidnipraccilayl,pprsss,pp,sss,prac,sid_ni,ci_la_yl,sidnipraccilayl,control,s,1.0,0,l,r,sidnipraccirayl,0
prereinheed,prereinhoed,pppr,ppp,,heed,pre_re_in,,prereinheed,target,r,,1,e,o,prereinhoed,1
errevoxenurdre,errevoxonurdre,ppprs,ppp,s,nurd,er_revo_xe,re,errevoxenurdre,control,p,2.0,1,e,o,errevoxonurdre,1
interheedational,intorheedational,prss,p,ss,heed,inter,ation_al,interheedational,target,p,0.0,3,e,o,intorheedational,1
reoverexcetally,reoverexcetally,ppprss,ppp,ss,cet,re_over_ex,al_ly,reoverexcetally,target,r,,0,c,h,reoverexhetally,0
tecre,tecre,rs,,s,tec,,re,tecre,control,r,,0,t,c,cecre,0
reinmeeration,reinmeeration,pprs,pp,s,meer,re_in,ation,reinmeeration,target,s,0.0,0,a,e,reinmeeretion,0
predisincarp,predisincorp,pppr,ppp,,carp,pre_dis_in,,predisincarp,target,r,,1,a,o,predisincorp,1
reoverexket,meoverexket,pppr,ppp,,ket,re_over_ex,,reoverexket,target,p,0.0,0,r,m,meoverexket,1
erperneirtnemlayl,erperneartnemlayl,pprsss,pp,sss,neir,erp_er,tnem_la_yl,erperneirtnemlayl,control,r,,2,i,a,erperneartnemlayl,1
erperninurdtnemla,erperninurdtnemla,ppprss,ppp,ss,nurd,erp_er_ni,tnem_la,erperninurdtnemla,control,r,,1,u,a,erperninardtnemla,0
predisinjegally,predisinjesally,ppprss,ppp,ss,jeg,pre_dis_in,al_ly,predisinjegally,target,r,,2,g,s,predisinjesally,1
reramically,meramically,prsss,p,sss,ram,re,ic_al_ly,reramically,target,p,0.0,0,r,m,meramically,1
fom,fam,r,,,fom,,,fom,target,r,,1,o,a,fam,1
nusidnitek,nusidnitek,pppr,ppp,,tek,nu_sid_ni,,nusidnitek,control,r,,0,t,h,nusidnihek,0
rediskrewic,rediskrewic,pprs,pp,s,krew,re_dis,ic,rediskrewic,target,r,,2,e,i,rediskriwic,0
uninreamally,uninreawally,pprss,pp,ss,ream,un_in,al_ly,uninreamally,target,r,,3,m,w,uninreawally,1
reoverexreamal,reoverexreamal,ppprs,ppp,s,ream,re_over_ex,al,reoverexreamal,target,r,,2,a,i,reoverexreimal,0
deehyl,deehym,rs,,s,deeh,,yl,deehyl,control,s,0.0,1,l,m,deehym,1
errevoxemaryl,errevoxemaryr,ppprs,ppp,s,mar,er_revo_xe,yl,errevoxemaryl,control,s,0.0,1,l,r,errevoxemaryr,1
maerlatsici,maerlatsici,rsss,,sss,maer,,la_tsi_ci,maerlatsici,control,s,2.0,0,c,s,maerlatsisi,0
errevoxesleb,errevoxesleb,pppr,ppp,,sleb,er_revo_xe,,errevoxesleb,control,p,2.0,0,x,p,errevopesleb,0
rienment,rienment,rs,,s,rien,,ment,rienment,target,r,,1,i,a,raenment,0
nunipraclufyl,nunipreclufyl,pprss,pp,ss,prac,nu_ni,luf_yl,nunipraclufyl,control,r,,2,a,e,nunipreclufyl,1
erpmofylssen,erpmofylssen,prss,p,ss,mof,erp,yl_ssen,erpmofylssen,control,r,,1,o,e,erpmefylssen,0
errevoxemofnoita,errevoxemefnoita,ppprs,ppp,s,mof,er_revo_xe,noita,errevoxemofnoita,control,r,,1,o,e,errevoxemefnoita,1
eddobnoita,eddobnoita,prs,p,s,dob,ed,noita,eddobnoita,control,s,0.0,2,i,a,eddobnoata,0
errevoxetekelba,errevoxetekelta,ppprs,ppp,s,tek,er_revo_xe,elba,errevoxetekelba,control,s,0.0,2,b,t,errevoxetekelta,1
ersarp,arsarp,pr,p,,sarp,er,,ersarp,control,p,0.0,0,e,a,arsarp,1
undisroully,undisroully,pprs,pp,s,roul,un_dis,ly,undisroully,target,r,,2,u,a,undisroally,0
predisinfommentally,predisinfommentawly,ppprsss,ppp,sss,fom,pre_dis_in,ment_al_ly,predisinfommentally,target,s,1.0,1,l,w,predisinfommentawly,1
nuaztsiciyl,nuaztsiciyl,rsss,,sss,nuaz,,tsi_ci_yl,nuaztsiciyl,control,s,1.0,0,c,h,nuaztsihiyl,0
prereinglocer,prereinglocer,ppprs,ppp,s,gloc,pre_re_in,er,prereinglocer,target,r,,3,c,t,prereingloter,0
prereinmeerer,prereinmeerer,ppprs,ppp,s,meer,pre_re_in,er,prereinmeerer,target,r,,1,e,o,prereinmoerer,0
deroulally,heroulally,prss,p,ss,roul,de,al_ly,deroulally,target,p,0.0,0,d,h,heroulally,1
nitalccilayl,nitalccilayl,prsss,p,sss,talc,ni,ci_la_yl,nitalccilayl,control,p,0.0,0,n,y,yitalccilayl,0
imdisjegmentally,imdisjegmentally,pprsss,pp,sss,jeg,im_dis,ment_al_ly,imdisjegmentally,target,p,1.0,0,d,h,imhisjegmentally,0
nusidtekci,nusidpekci,pprs,pp,s,tek,nu_sid,ci,nusidtekci,control,r,,0,t,p,nusidpekci,1
ernireem,irnireem,ppr,pp,,reem,er_ni,,ernireem,control,p,0.0,0,e,i,irnireem,1
nusidnitnoplayl,nusidnitnoplayl,ppprss,ppp,ss,tnop,nu_sid_ni,la_yl,nusidnitnoplayl,control,s,1.0,0,y,m,nusidnitnoplaml,0
undisinream,undisinreim,pppr,ppp,,ream,un_dis_in,,undisinream,target,r,,2,a,i,undisinreim,1
unexclatal,unexclatol,pprs,pp,s,clat,un_ex,al,unexclatal,target,s,0.0,0,a,o,unexclatol,1
reinbelsable,reinbelsabme,pprs,pp,s,bels,re_in,able,reinbelsable,target,s,0.0,2,l,m,reinbelsabme,1
exclatically,edclatically,prsss,p,sss,clat,ex,ic_al_ly,exclatically,target,p,0.0,1,x,d,edclatically,1
glocisticly,glocisticly,rsss,,sss,gloc,,ist_ic_ly,glocisticly,target,s,2.0,0,l,r,glocisticry,0
trignoitala,trignoitale,rss,,ss,trig,,noita_la,trignoitala,control,s,1.0,1,a,e,trignoitale,1
naetcila,naetcila,rss,,ss,naet,,ci_la,naetcila,control,r,,0,n,m,maetcila,0
infom,infom,pr,p,,fom,in,,infom,target,p,0.0,1,n,l,ilfom,0
nunimofsuoi,nunimofsuoi,pprs,pp,s,mof,nu_ni,suoi,nunimofsuoi,control,r,,0,m,l,nunilofsuoi,0
reammental,reammental,rss,,ss,ream,,ment_al,reammental,target,r,,3,m,l,realmental,0
nusidnitrigsuoiyl,nusicnitrigsuoiyl,ppprss,ppp,ss,trig,nu_sid_ni,suoi_yl,nusidnitrigsuoiyl,control,p,1.0,2,d,c,nusicnitrigsuoiyl,1
erperdeehlufylssen,erperdeehlufylssen,pprsss,pp,sss,deeh,erp_er,luf_yl_ssen,erperdeehlufylssen,control,s,0.0,2,f,s,erperdeehlusylssen,0
orplaeknoitala,orplaeknoitala,prss,p,ss,laek,orp,noita_la,orplaeknoitala,control,r,,0,l,m,orpmaeknoitala,0
prereincun,prereinpun,pppr,ppp,,cun,pre_re_in,,prereincun,target,r,,0,c,p,prereinpun,1
nipracelba,nipracelha,prs,p,s,prac,ni,elba,nipracelba,control,s,0.0,2,b,h,nipracelha,1
nusidwerktsici,nusidwerhtsici,pprss,pp,ss,werk,nu_sid,tsi_ci,nusidwerktsici,control,r,,3,k,h,nusidwerhtsici,1
nuxegejtnemla,nuxegejtjemla,pprss,pp,ss,gej,nu_xe,tnem_la,nuxegejtnemla,control,s,0.0,1,n,j,nuxegejtjemla,1
reramalistic,renamalistic,prsss,p,sss,ram,re,al_ist_ic,reramalistic,target,r,,0,r,n,renamalistic,1
sidcolgcila,sidcolgcila,prss,p,ss,colg,sid,ci_la,sidcolgcila,control,p,0.0,0,s,t,tidcolgcila,0
errevoxedob,errivoxedob,pppr,ppp,,dob,er_revo_xe,,errevoxedob,control,p,1.0,1,e,i,errivoxedob,1
erpernitectnem,erpernitevtnem,ppprs,ppp,s,tec,erp_er_ni,tnem,erpernitectnem,control,r,,2,c,v,erpernitevtnem,1
numaernoitala,numaernoitalo,prss,p,ss,maer,nu,noita_la,numaernoitala,control,s,1.0,1,a,o,numaernoitalo,1
wisment,wisrent,rs,,s,wis,,ment,wisment,target,s,0.0,0,m,r,wisrent,1
nideehtnemla,nideehtnemla,prss,p,ss,deeh,ni,tnem_la,nideehtnemla,control,p,0.0,0,n,m,mideehtnemla,0
erpernitektnemlayl,erpernitektremlayl,ppprsss,ppp,sss,tek,erp_er_ni,tnem_la_yl,erpernitektnemlayl,control,s,0.0,1,n,r,erpernitektremlayl,1
prereingloc,prereingmoc,pppr,ppp,,gloc,pre_re_in,,prereingloc,target,r,,1,l,m,prereingmoc,1
erpernideehlufyl,erpernideehlufml,ppprss,ppp,ss,deeh,erp_er_ni,luf_yl,erpernideehlufyl,control,s,1.0,0,y,m,erpernideehlufml,1
predisinkealmentally,predisinkealmentally,ppprsss,ppp,sss,keal,pre_dis_in,ment_al_ly,predisinkealmentally,target,s,1.0,1,l,r,predisinkealmentarly,0
inbels,inbers,pr,p,,bels,in,,inbels,target,r,,2,l,r,inbers,1
predisincun,pradisincun,pppr,ppp,,cun,pre_dis_in,,predisincun,target,p,0.0,2,e,a,pradisincun,1
predistrup,predistrup,ppr,pp,,trup,pre_dis,,predistrup,target,r,,1,r,w,predistwup,0
rediswisiously,rediswisiously,pprss,pp,ss,wis,re_dis,ious_ly,rediswisiously,target,r,,1,i,a,rediswasiously,0
erperniromlufyl,erperniromlufyl,ppprss,ppp,ss,rom,erp_er_ni,luf_yl,erperniromlufyl,control,s,1.0,1,l,n,erperniromlufyn,0
maertnemla,maertnemla,rss,,ss,maer,,tnem_la,maertnemla,control,r,,3,r,w,maewtnemla,0
bustnop,bustnop,pr,p,,tnop,bus,,bustnop,control,p,0.0,0,b,t,tustnop,0
girtical,girtical,rss,,ss,girt,,ic_al,girtical,target,s,0.0,0,i,o,girtocal,0
ramational,ramatianal,rss,,ss,ram,,ation_al,ramational,target,s,0.0,3,o,a,ramatianal,1
erpsidnikooplayl,erpsidnikooplayn,ppprss,ppp,ss,koop,erp_sid_ni,la_yl,erpsidnikooplayl,control,s,1.0,1,l,n,erpsidnikooplayn,1
sidnisiw,sidnisiy,ppr,pp,,siw,sid_ni,,sidnisiw,control,r,,2,w,y,sidnisiy,1
uningirtmentally,uningirtmintally,pprsss,pp,sss,girt,un_in,ment_al_ly,uningirtmentally,target,s,0.0,1,e,i,uningirtmintally,1
incunable,imcunable,prs,p,s,cun,in,able,incunable,target,p,0.0,1,n,m,imcunable,1
undisingirtfully,undisingirtfully,ppprss,ppp,ss,girt,un_dis_in,ful_ly,undisingirtfully,target,s,0.0,2,l,r,undisingirtfurly,0
erperwerk,erperwemk,ppr,pp,,werk,erp_er,,erperwerk,control,r,,2,r,m,erperwemk,1
talcsuoiyl,talcsuoiyl,rss,,ss,talc,,suoi_yl,talcsuoiyl,control,r,,1,a,e,telcsuoiyl,0
heedically,heedically,rsss,,sss,heed,,ic_al_ly,heedically,target,r,,2,e,a,headically,0
erpurtre,erpurtre,prs,p,s,purt,er,re,erpurtre,control,r,,2,r,n,erpuntre,0
nusidnikooptnemla,nusidnikooptnemla,ppprss,ppp,ss,koop,nu_sid_ni,tnem_la,nusidnikooptnemla,control,p,1.0,0,s,h,nuhidnikooptnemla,0
nusidniwerkre,nusidniwerkro,ppprs,ppp,s,werk,nu_sid_ni,re,nusidniwerkre,control,s,0.0,1,e,o,nusidniwerkro,1
mineiryl,mineiryl,prs,p,s,neir,mi,yl,mineiryl,control,p,0.0,0,m,r,rineiryl,0
erpsidnipurttsiciyl,erpsidnipurttsiciyl,ppprsss,ppp,sss,purt,erp_sid_ni,tsi_ci_yl,erpsidnipurttsiciyl,control,p,1.0,1,i,a,erpsadnipurttsiciyl,0
reoverextaun,raoverextaun,pppr,ppp,,taun,re_over_ex,,reoverextaun,target,p,0.0,1,e,a,raoverextaun,1
demeerical,dameerical,prss,p,ss,meer,de,ic_al,demeerical,target,p,0.0,1,e,a,dameerical,1
remorer,remorer,prs,p,s,mor,re,er,remorer,target,s,0.0,0,e,o,remoror,0
reoverexkealisticly,reoverexkealisticly,ppprsss,ppp,sss,keal,re_over_ex,ist_ic_ly,reoverexkealisticly,target,p,2.0,0,e,o,reoveroxkealisticly,0
disinkrew,dihinkrew,ppr,pp,,krew,dis_in,,disinkrew,target,p,0.0,2,s,h,dihinkrew,1
moric,miric,rs,,s,mor,,ic,moric,target,r,,1,o,i,miric,1
dobtsiciyl,dobtsiciyl,rsss,,sss,dob,,tsi_ci_yl,dobtsiciyl,control,r,,2,b,s,dostsiciyl,0
reinprasfullyness,reinprasfullyness,pprsss,pp,sss,pras,re_in,ful_ly_ness,reinprasfullyness,target,r,,1,r,y,reinpyasfullyness,0
orpslebyl,onpslebyl,prs,p,s,sleb,orp,yl,orpslebyl,control,p,0.0,1,r,n,onpslebyl,1
cetmentally,cetmentally,rsss,,sss,cet,,ment_al_ly,cetmentally,target,r,,2,t,c,cecmentally,0
inunuc,inunuc,pr,p,,nuc,inu,,inunuc,control,r,,2,c,d,inunud,0
undistrupistic,undestrupistic,pprss,pp,ss,trup,un_dis,ist_ic,undistrupistic,target,p,1.0,1,i,e,undestrupistic,1
erpernidob,erpernidob,pppr,ppp,,dob,erp_er_ni,,erpernidob,control,p,0.0,2,p,h,erhernidob,0
unintrupfully,unintrupfully,pprss,pp,ss,trup,un_in,ful_ly,unintrupfully,target,r,,3,p,t,unintrutfully,0
erpsidnisiw,erpsidnisiw,pppr,ppp,,siw,erp_sid_ni,,erpsidnisiw,control,r,,0,s,v,erpsidniviw,0
misidslebtnemlayl,misidslebtnemlayl,pprsss,pp,sss,sleb,mi_sid,tnem_la_yl,misidslebtnemlayl,control,s,0.0,0,t,g,misidslebgnemlayl,0
edtnopcilayl,edtnopcilayl,prsss,p,sss,tnop,ed,ci_la_yl,edtnopcilayl,control,s,2.0,0,y,n,edtnopcilanl,0
nurdtnemlayl,nurdtnemlall,rsss,,sss,nurd,,tnem_la_yl,nurdtnemlayl,control,s,2.0,0,y,l,nurdtnemlall,1
romcilayl,romcilayl,rsss,,sss,rom,,ci_la_yl,romcilayl,control,s,2.0,1,l,r,romcilayr,0
prereinteanation,prereinteanetion,ppprs,ppp,s,tean,pre_re_in,ation,prereinteanation,target,s,0.0,0,a,e,prereinteanetion,1
undisindrunmental,undisindrunmental,ppprss,ppp,ss,drun,un_dis_in,ment_al,undisindrunmental,target,r,,2,u,a,undisindranmental,0
predisingirtisticly,predisangirtisticly,ppprsss,ppp,sss,girt,pre_dis_in,ist_ic_ly,predisingirtisticly,target,p,2.0,0,i,a,predisangirtisticly,1
unexgirtmental,unehgirtmental,pprss,pp,ss,girt,un_ex,ment_al,unexgirtmental,target,p,1.0,1,x,h,unehgirtmental,1
erpergejylssen,erpergejylssen,pprss,pp,ss,gej,erp_er,yl_ssen,erpergejylssen,control,s,1.0,3,n,m,erpergejylssem,0
exjegally,exjegally,prss,p,ss,jeg,ex,al_ly,exjegally,target,s,0.0,0,a,e,exjegelly,0
